Workbook

Sheet Calculator
A1: Bioenergy Proximity Screen — Woody Biomass Diversion Risk
A2: Source: EIA-860 2024 Annual Data (WDS fuel type, operating units only) | Threshold: Jones et al. 2013 (USDA FS), 81 mi / 130 km conservative outer limit
A4: PROJECT INPUTS
A5: Project Latitude (decimal degrees): | B5: 39.926306 | C5: e.g. 44.3601
A6: Project Longitude (decimal degrees): | B6: -105.50275 | C6: e.g. -68.2041
A7: Threshold (miles): | B7: 81 | C7: Plants within this = FLAG
A10: Distance (mi) | B10: Risk | C10: Plant Name | D10: State | E10: County / City | F10: Capacity (MW) | G10: EIA Plant Code
A11: =IF(OR($B$5=0,$B$6=0),"",ROUND(ACOS(MIN(1,SIN(RADIANS($B$5))*SIN(RADIANS(Plants!E2))+COS(RADIANS($B$5))*COS(RADIANS(Plants!E2))*COS(RADIANS(Plants!F2-$B$6))))*3958.8,1)) | B11: =IF(A11="","",IF(A11<=$B$7,"FLAG","OK")) | C11: =Plants!A2 | D11: =Plants!B2 | E11: =Plants!C2&", "&Plants!D2 | F11: =Plants!H2 | G11: =Plants!I2
A12: =IF(OR($B$5=0,$B$6=0),"",ROUND(ACOS(MIN(1,SIN(RADIANS($B$5))*SIN(RADIANS(Plants!E3))+COS(RADIANS($B$5))*COS(RADIANS(Plants!E3))*COS(RADIANS(Plants!F3-$B$6))))*3958.8,1)) | B12: =IF(A12="","",IF(A12<=$B$7,"FLAG","OK")) | C12: =Plants!A3 | D12: =Plants!B3 | E12: =Plants!C3&", "&Plants!D3 | F12: =Plants!H3 | G12: =Plants!I3
A13: =IF(OR($B$5=0,$B$6=0),"",ROUND(ACOS(MIN(1,SIN(RADIANS($B$5))*SIN(RADIANS(Plants!E4))+COS(RADIANS($B$5))*COS(RADIANS(Plants!E4))*COS(RADIANS(Plants!F4-$B$6))))*3958.8,1)) | B13: =IF(A13="","",IF(A13<=$B$7,"FLAG","OK")) | C13: =Plants!A4 | D13: =Plants!B4 | E13: =Plants!C4&", "&Plants!D4 | F13: =Plants!H4 | G13: =Plants!I4
A14: =IF(OR($B$5=0,$B$6=0),"",ROUND(ACOS(MIN(1,SIN(RADIANS($B$5))*SIN(RADIANS(Plants!E5))+COS(RADIANS($B$5))*COS(RADIANS(Plants!E5))*COS(RADIANS(Plants!F5-$B$6))))*3958.8,1)) | B14: =IF(A14="","",IF(A14<=$B$7,"FLAG","OK")) | C14: =Plants!A5 | D14: =Plants!B5 | E14: =Plants!C5&", "&Plants!D5 | F14: =Plants!H5 | G14: =Plants!I5
A15: =IF(OR($B$5=0,$B$6=0),"",ROUND(ACOS(MIN(1,SIN(RADIANS($B$5))*SIN(RADIANS(Plants!E6))+COS(RADIANS($B$5))*COS(RADIANS(Plants!E6))*COS(RADIANS(Plants!F6-$B$6))))*3958.8,1)) | B15: =IF(A15="","",IF(A15<=$B$7,"FLAG","OK")) | C15: =Plants!A6 | D15: =Plants!B6 | E15: =Plants!C6&", "&Plants!D6 | F15: =Plants!H6 | G15: =Plants!I6
A16: =IF(OR($B$5=0,$B$6=0),"",ROUND(ACOS(MIN(1,SIN(RADIANS($B$5))*SIN(RADIANS(Plants!E7))+COS(RADIANS($B$5))*COS(RADIANS(Plants!E7))*COS(RADIANS(Plants!F7-$B$6))))*3958.8,1)) | B16: =IF(A16="","",IF(A16<=$B$7,"FLAG","OK")) | C16: =Plants!A7 | D16: =Plants!B7 | E16: =Plants!C7&", "&Plants!D7 | F16: =Plants!H7 | G16: =Plants!I7
A17: =IF(OR($B$5=0,$B$6=0),"",ROUND(ACOS(MIN(1,SIN(RADIANS($B$5))*SIN(RADIANS(Plants!E8))+COS(RADIANS($B$5))*COS(RADIANS(Plants!E8))*COS(RADIANS(Plants!F8-$B$6))))*3958.8,1)) | B17: =IF(A17="","",IF(A17<=$B$7,"FLAG","OK")) | C17: =Plants!A8 | D17: =Plants!B8 | E17: =Plants!C8&", "&Plants!D8 | F17: =Plants!H8 | G17: =Plants!I8
A18: =IF(OR($B$5=0,$B$6=0),"",ROUND(ACOS(MIN(1,SIN(RADIANS($B$5))*SIN(RADIANS(Plants!E9))+COS(RADIANS($B$5))*COS(RADIANS(Plants!E9))*COS(RADIANS(Plants!F9-$B$6))))*3958.8,1)) | B18: =IF(A18="","",IF(A18<=$B$7,"FLAG","OK")) | C18: =Plants!A9 | D18: =Plants!B9 | E18: =Plants!C9&", "&Plants!D9 | F18: =Plants!H9 | G18: =Plants!I9
A19: =IF(OR($B$5=0,$B$6=0),"",ROUND(ACOS(MIN(1,SIN(RADIANS($B$5))*SIN(RADIANS(Plants!E10))+COS(RADIANS($B$5))*COS(RADIANS(Plants!E10))*COS(RADIANS(Plants!F10-$B$6))))*3958.8,1)) | B19: =IF(A19="","",IF(A19<=$B$7,"FLAG","OK")) | C19: =Plants!A10 | D19: =Plants!B10 | E19: =Plants!C10&", "&Plants!D10 | F19: =Plants!H10 | G19: =Plants!I10
A20: =IF(OR($B$5=0,$B$6=0),"",ROUND(ACOS(MIN(1,SIN(RADIANS($B$5))*SIN(RADIANS(Plants!E11))+COS(RADIANS($B$5))*COS(RADIANS(Plants!E11))*COS(RADIANS(Plants!F11-$B$6))))*3958.8,1)) | B20: =IF(A20="","",IF(A20<=$B$7,"FLAG","OK")) | C20: =Plants!A11 | D20: =Plants!B11 | E20: =Plants!C11&", "&Plants!D11 | F20: =Plants!H11 | G20: =Plants!I11
A21: =IF(OR($B$5=0,$B$6=0),"",ROUND(ACOS(MIN(1,SIN(RADIANS($B$5))*SIN(RADIANS(Plants!E12))+COS(RADIANS($B$5))*COS(RADIANS(Plants!E12))*COS(RADIANS(Plants!F12-$B$6))))*3958.8,1)) | B21: =IF(A21="","",IF(A21<=$B$7,"FLAG","OK")) | C21: =Plants!A12 | D21: =Plants!B12 | E21: =Plants!C12&", "&Plants!D12 | F21: =Plants!H12 | G21: =Plants!I12
A22: =IF(OR($B$5=0,$B$6=0),"",ROUND(ACOS(MIN(1,SIN(RADIANS($B$5))*SIN(RADIANS(Plants!E13))+COS(RADIANS($B$5))*COS(RADIANS(Plants!E13))*COS(RADIANS(Plants!F13-$B$6))))*3958.8,1)) | B22: =IF(A22="","",IF(A22<=$B$7,"FLAG","OK")) | C22: =Plants!A13 | D22: =Plants!B13 | E22: =Plants!C13&", "&Plants!D13 | F22: =Plants!H13 | G22: =Plants!I13
... A179: =IF(OR($B$5=0,$B$6=0),"",ROUND(ACOS(MIN(1,SIN(RADIANS($B$5))*SIN(RADIANS(Plants!E170))+COS(RADIANS($B$5))*COS(RADIANS(Plants!E170))*COS(RADIANS(Plants!F170-$B$6))))*3958.8,1)) | B179: =IF(A179="","",IF(A179<=$B$7,"FLAG","OK")) | C179: =Plants!A170 | D179: =Plants!B170 | E179: =Plants!C170&", "&Plants!D170 | F179: =Plants!H170 | G179: =Plants!I170

Sheet Plants
A1: Plant Name | B1: State | C1: County | D1: City | E1: Latitude | F1: Longitude | G1: Fuel Types | H1: Total Capacity (MW) | I1: EIA Plant Code
A2: Alabama Pine Pulp | B2: AL | C2: Monroe | D2: Perdue Hill | E2: 31.5825 | F2: -87.4889 | G2: WDS | H2: 69 | I2: 54429
A3: Alabama River Pulp | B3: AL | C3: Monroe | D3: Perdue Hill | E3: 31.5825 | F3: -87.4889 | G3: WDS | H3: 48 | I3: 10216
A4: Georgia-Pacific Consr Prods LP-Naheola | B4: AL | C4: Choctaw | D4: Pennington | E4: 32.2268 | F4: -88.0252 | G4: WDS | H4: 87.5 | I4: 10699
A5: International Paper Pine Hill Mill | B5: AL | C5: Wilcox | D5: Pine Hill | E5: 31.9698 | F5: -87.4806 | G5: WDS | H5: 40 | I5: 54752
A6: International Paper Prattville Mill | B6: AL | C6: Autauga | D6: Prattville | E6: 32.4187 | F6: -86.4718 | G6: WDS | H6: 89.8 | I6: 52140
A7: International Paper Riverdale Mill | B7: AL | C7: Dallas | D7: Selma | E7: 32.426016 | F7: -86.870912 | G7: WDS | H7: 66 | I7: 54096
A8: Mead Coated Board | B8: AL | C8: Russell | D8: Mahrt | E8: 32.1761 | F8: -85.0272 | G8: WDS | H8: 95.5 | I8: 54802
A9: Packaging Corp. of America Jackson Mill | B9: AL | C9: Clarke | D9: Jackson | E9: 31.4894 | F9: -87.8989 | G9: WDS | H9: 44.4 | I9: 55044
A10: WestRock Demopolis Mill | B10: AL | C10: Marengo | D10: Demopolis | E10: 32.4541 | F10: -87.9759 | G10: WDS | H10: 47.4 | I10: 54763
A11: Ashdown | B11: AR | C11: Little River | D11: Ashdown | E11: 33.6417 | F11: -94.1083 | G11: WDS | H11: 156.5 | I11: 54104
A12: Pine Bluff Mill | B12: AR | C12: Jefferson | D12: Pine Bluff | E12: 34.221213 | F12: -91.907365 | G12: WDS | H12: 85 | I12: 10627
A13: Novo BioPower Plant | B13: AZ | C13: Navajo | D13: Snowflake | E13: 34.503158 | F13: -110.33495 | G13: WDS | H13: 27.2 | I13: 56616
... A170: Rothschild Biomass Cogen Facility | B170: WI | C170: Marathon | D170: Rothschild | E170: 44.887778 | F170: -89.629722 | G170: WDS | H170: 57.5 | I170: 58124

Sheet Methodology Notes
A1: BIOENERGY PROXIMITY SCREEN — METHODOLOGY NOTES
A3: Purpose | B3: Quick screen for woody biomass diversion leakage risk when scoping forestry carbon projects.
A5: Data Source | B5: EIA Form EIA-860 Annual Electric Generator Report, 2024 data (released Sept 2025).
B6: Filter: Fuel Type = WDS (Wood/Wood Waste Solids) or WDL (Wood/Wood Waste Liquids), Status = Operating (OP).
B7: 169 operating plants included. Does not cover private industrial boilers not connected to the grid.
A9: Distance Threshold | B9: 81 miles (130 km): Jones et al. 2013 (USDA FS Rocky Mountain Research Station, Biomass and Bioenergy 48:171-180) spatially modeled financially feasible haul distances for forest residue delivery to a bioenergy facility. At $63.05/ODT (approx. 100% above base market rate), average haul distance was 130 km — and was insensitive to diesel price at that feedstock price level. Used here as the conservative outer limit.
A13: Formula | B13: Haversine great-circle distance, converted to miles (Earth radius = 3,958.8 mi).
B14: Note: straight-line, not road distance. Road distance will be longer; use as conservative screen.
A16: Risk Levels | B16: FLAG (≤ 81 mi): Plant within economically feasible haul range — investigate sourcing area and capacity utilization.
B17: OK (> 81 mi): Transport economics make diversion unlikely; leakage risk is easily argued away.
A20: Limitations | B20: 1. Does not include private industrial wood-consuming facilities (pulp mills, sawmills) off-grid.
B21: For those, check EPA FLIGHT or Toxic Release Inventory for large wood-consuming facilities.
B22: 2. A plant within range is not automatically a risk — capacity utilization and existing contracts matter.
B23: 3. Straight-line distance understates road distance; actual hauling cost radius may be smaller.
B24: 4. Update the Plants sheet annually when EIA releases new EIA-860 data (typically September).
A26: Sources | B26: Frontiers IFM protocol review (2023): https://www.frontiersin.org/journals/forests-and-global-change/articles/10.3389/ffgc.2023.958879/full
B27: EIA-860 data: https://www.eia.gov/electricity/data/eia860/
B28: Jones et al. 2013 (USDA FS): https://research.fs.usda.gov/treesearch/42810
