Workbook

Sheet README
B2: Charm Bio-oil (FPBO) → SAF — EU 205 Carbon-Intensity Calculator
B3: 12-month actual-value CI (Apr 2025 – Mar 2026) from the Final Reporting Package PP Summaries | built/updated 2026-07-23
B5: Result | C5: Bio-oil CI = 569 kgCO2eq/tonne = 37.9 gCO2eq/MJ (Result tab / EU205_CI). Live off PP_Data — updates if any input changes.
B6: How it flows | C6: PP_Data (summed activity) → EU205_CI (EU 205 recompute) → Result. Source_Inclusion documents the boundary. Refinery_SAF is a PLACEHOLDER for the co-processing step (no refinery data yet).
B7: What this is | C7: An EU 205 actual-value recompute of Charm's own production data. ISCC publishes no calculator (ISCC FAQ, read 2026-07-23); this custom, cell-traceable sheet is the sanctioned route.
B8: Why actual values | C8: No RED default exists for fast-pyrolysis bio-oil → SAF ('pyrolysis' = 0 hits in consolidated RED, searched 2026-07-23); EU 205 v4.1 §3.2 requires an actual-value calc.
B9: Data source | C9: Each month's activity is taken from that period's Production Period Summary (Charm's own figures). Charm's emission columns are NOT copied — emissions are recomputed under EU 205. All 12 months Apr 2025–Mar 2026 produced.
B10: Emission factors | C10: Fuels via IR (EU) 2022/996 Annex IX (propane/LPG, diesel, gasoline). Electricity at the U.S. NATIONAL grid EF (eGRID2023, 0.34968 kgCO2e/kWh), NO REC credit (EU 205 §4.3.5.1). All EFs shown on EU205_CI with source.
B11: Key boundary calls | C11: e_ec = 0 (feedstock argued as waste, RED Annex V); BCU (renewable-diesel book-and-claim) and REC excluded → gross diesel + grid electricity; equipment embodied excluded (EU 205 p.11/17); water/consumables/waste/tailgas excluded under the 0.5% materiality rule. Full basis + citations on Source_Inclusion.
B12: Allocation | C12: Bio-oil (WODO + Aqueous, no sub-split) vs biochar split by energy content (EU 205 §4.3.8), from measured LHVs (bio-oil ~15; biochar 22.8 derived from SGS GCV).
B13: Open refinements | C13: (1) electricity uses the U.S. national eGRID rate for all months (single national factor, per your instruction); (2) e_td uses Charm's calculated gross biomass-transport per period; (3) refinery→SAF tab is a placeholder pending real data.
B14: Colour legend | C14: YELLOW = pulled activity data | GREEN = calculated (formula) | BLUE = sourced constant | ORANGE = placeholder.

Sheet PP_Data
B1: PP_Data — activity per Production Period (Final Reporting Package PP Summaries) | Apr 2025 – Mar 2026 (12 mo)
B2: Bio-oil = WODO + Aqueous (no sub-split). Activity taken from each month's Final Reporting Package Production Period Summary; Charm's emission columns NOT copied — emissions are recomputed under EU 205. Totals = live SUM.
B4: Field | C4: Unit | D4: Apr 2025 | E4: May 2025 | F4: Jun 2025 | G4: Jul 2025 | H4: Aug 2025 | I4: Sep 2025 | J4: Oct 2025 | K4: Nov 2025 | L4: Dec 2025 | M4: Jan 2026 | N4: Feb 2026 | O4: Mar 2026 | P4: TOTAL
B5: Days in period | C5: days | D5: 30 | E5: 31 | F5: 30 | G5: 31 | H5: 31 | I5: 30 | J5: 31 | K5: 30 | L5: 31 | M5: 31 | N5: 28 | O5: 31 | P5: =SUM(D5:O5)
B6: Biomass consumed | C6: kg | D6: 106526 | E6: 106873 | F6: 116090 | G6: 106966 | H6: 84843 | I6: 64575 | J6: 47451 | K6: 25003 | L6: 28947 | M6: 44926 | N6: 47976 | O6: 65402 | P6: =SUM(D6:O6)
B7: Propane used (unc-adj) | C7: kg | D7: 5744.56 | E7: 6128.37 | F7: 6315.33 | G7: 7882.08 | H7: 5568.17 | I7: 3141.64 | J7: 4396.12 | K7: 3925.52 | L7: 2782.65 | M7: 3623.46 | N7: 3939.83 | O7: 4290.88 | P7: =SUM(D7:O7)
B8: Diesel — production (unc-adj) | C8: kg | D8: 3617.22 | E8: 1057.79 | F8: 5161.86 | G8: 8867.07 | H8: 6090.93 | I8: 729.96 | J8: 3952.86 | K8: 4376.51 | L8: 5109.73 | M8: 4868.57 | N8: 3203.36 | O8: 2902.57 | P8: =SUM(D8:O8)
B9: Gasoline (unc-adj) | C9: kg | D9: 290.13 | E9: 133.26 | F9: 163.23 | G9: 28 | H9: 56.04 | I9: 0 | J9: 135.88 | K9: 134.32 | L9: 97.63 | M9: 109.8 | N9: 139.98 | O9: 120.03 | P9: =SUM(D9:O9)
B10: Electricity — production | C10: kWh | D10: 56352.7 | E10: 45185.05 | F10: 43444.3 | G10: 50821.57 | H10: 45947.77 | I10: 35385.95 | J10: 38806.94 | K10: 36751.05 | L10: 25041.26 | M10: 35161.91 | N10: 35984.82 | O10: 38417 | P10: =SUM(D10:O10)
B11: Water consumed | C11: kg | D11: 84514.92 | E11: 61277.67 | F11: 73596.38 | G11: 82966.74 | H11: 68468.36 | I11: 27302.59 | J11: 26027.64 | K11: 24702.61 | L11: 17234.72 | M11: 18119.16 | N11: 26051.02 | O11: 27379.19 | P11: =SUM(D11:O11)
B12: Biomass transport (gross, pre-BCU) | C12: MT CO2e | D12: 3.19 | E12: 4.32 | F12: 5.02 | G12: 2.86 | H12: 1.639 | I12: 2.927 | J12: 1.452 | K12: 1.844 | L12: 2.167 | M12: 2.365 | N12: 1.798 | O12: 2.228 | P12: =SUM(D12:O12)
B13: OUTPUTS
B14: WODO yield | C14: kg | D14: 22298 | E14: 25890 | F14: 16899 | G14: 22732 | H14: 20928 | I14: 12630 | J14: 14227 | K14: 9984 | L14: 6481 | M14: 8888 | N14: 10966 | O14: 16307 | P14: =SUM(D14:O14)
B15: Aqueous yield | C15: kg | D15: 75500 | E15: 75500 | F15: 75500 | G15: 77076 | H15: 75500 | I15: 75500 | J15: 75500 | K15: 40930 | L15: 19161 | M15: 30830 | N15: 37126 | O15: 46683 | P15: =SUM(D15:O15)
B16: Biochar yield | C16: kg | D16: 11426 | E16: 10357 | F16: 10309 | G16: 11597 | H16: 9186 | I16: 3868 | J16: 8085 | K16: 4580 | L16: 4074 | M16: 6560 | N16: 6766 | O16: 6259 | P16: =SUM(D16:O16)
B17: Bio-oil (WODO+Aqueous) | C17: kg | D17: =D14+D15 | E17: =E14+E15 | F17: =F14+F15 | G17: =G14+G15 | H17: =H14+H15 | I17: =I14+I15 | J17: =J14+J15 | K17: =K14+K15 | ... O17: =O14+O15 | P17: =SUM(D17:O17)

Sheet Source_Inclusion
B1: Source_Inclusion — EU 205 boundary decision for every emission source in the PP Summaries
B2: Each source is judged against the primary text. Materiality rule (Max-directed): a source contributing <0.5% of the EU-205 recomputed period total may be excluded, with the source and its % stated. This is a disclosed simplification — EU 205's formula itself carries no de minimis, so exclusions are conservative and reversible (one cell).
B4: Source | C4: Decision | D4: EU 205 term / basis | E4: Justification + primary-text citation
B5: Biomass extraction/harvest | C5: INCLUDE = 0 | D5: e_ec | E5: Feedstock argued as a WASTE: RED Annex V — wastes/residues “shall be considered to have zero life-cycle greenhouse gas emissions up to the process of collection.” So e_ec = 0 (Charm position; no harvest factor applied).
B6: Biomass transport | C6: INCLUDE | D6: e_td | E6: Feedstock transport to plant — emissions ARE calculated in each PP Summary (consolidated 'Biomass Transport'); production→injection transport is NOT in the PP summary. e_td uses the gross (pre-BCU) biomass-transport value per period (EU 205 §4.3.4).
B7: Propane | C7: INCLUDE | D7: e_p | E7: Process fuel (EU 205 §4.3.5). EF = Annex IX 'LPG' 66.30 gCO2eq/MJ, LHV 46.0 MJ/kg (IR 2022/996 Annex IX, read this session).
B8: Diesel — production | C8: INCLUDE | D8: e_p | E8: On-site process diesel (EU 205 §4.3.5). EF = Annex IX Diesel 95.10 gCO2eq/MJ, LHV 43.1. Charm used GLEC WTW 3.87 kg/kg; EU 205 uses Annex IX.
B9: Diesel — office generator | C9: EXCLUDE | D9: n/a (non-production) | E9: Not part of biofuel production; Charm already reports it separately (e.g. PP5 320 gal, PP8 200 gal of the total diesel). Out of the production system boundary (EU 205 §4.3.5.2 'GHG emissions from processing').
B10: Gasoline | C10: INCLUDE | D10: e_p | E10: Process fuel (EU 205 §4.3.5). EF = Annex IX Gasoline 93.30 gCO2eq/MJ, LHV 43.2.
B11: Electricity | C11: INCLUDE | D11: e_p | E11: Grid electricity at the U.S. NATIONAL grid EF — NOT the REC-adjusted figure. EU 205 §4.3.5.1 (pp.47-48): 'the EF of the national/country electricity mix shall be used' unless a direct metered renewable connection exists. U.S. national eGRID2023 total-output = 0.34968 kgCO2e/kWh (770.9 lb CO2e/MWh); Charm's REC-netted ~0.037 figure is dropped.
B12: Tailgas | C12: INCLUDE* | D12: e_p (process/waste) | E12: Process emission from pyrolysis (EU 205 §4.3.5 includes emissions 'from waste and leakages'). ~0.48–0.62% of Charm total — near the 0.5% line; keep unless the EU-205 recompute puts it <0.5%.
B13: Water | C13: EXCLUDE (materiality) | D13: e_p | E13: 0.09–0.42% of Charm period total — below the 0.5% threshold in every period observed (PP5 0.42%, PP6 0.08%, PP7 0.09%, PP8 0.09%). Excluded per the stated materiality rule; recorded here for transparency.
B14: Consumables delivery | C14: EXCLUDE (materiality) | D14: e_p / e_td | E14: 0.08–0.12% of total across PP5–PP8 — below 0.5%. Excluded per materiality rule.
B15: Waste disposal | C15: EXCLUDE (materiality) | D15: e_p | E15: 0.00–0.22% of total — below 0.5%. Excluded per materiality rule.
... B19: RECs (renewable-electricity certs) | C19: EXCLUDE | D19: n/a | E19: No book-and-claim REC pathway in EU 205; grid EF required (§4.3.5.1). See Electricity row — the REC credit is dropped.

Sheet EU205_CI
B1: EU 205 recompute — 12-month period CI (live from PP_Data)
B2: Emissions rebuilt from summed activity with Annex IX EFs, U.S. national grid electricity (no REC), gross-of-BCU. e_ec=0 (feedstock argued as waste). Excluded: equipment embodied, BCU, REC, water/consumables/waste/tailgas (<0.5%). Live formulas.
B4: PARAMETERS | C4: Value | D4: Unit / source
B5: LPG (propane) EF | C5: 66.3 | D5: gCO2eq/MJ — IR 2022/996 Annex IX
B6: LPG LHV | C6: 46 | D6: MJ/kg — Annex IX
B7: Diesel EF | C7: 95.1 | D7: gCO2eq/MJ — Annex IX
B8: Diesel LHV | C8: 43.1 | D8: MJ/kg — Annex IX
B9: Gasoline EF | C9: 93.3 | D9: gCO2eq/MJ — Annex IX
B10: Gasoline LHV | C10: 43.2 | D10: MJ/kg — Annex IX
B11: Electricity grid EF | C11: 0.34968 | D11: kgCO2eq/kWh — U.S. NATIONAL grid, eGRID2023 Table 1: 770.9 lb CO2e/MWh × 0.453592 ÷ 1000 (EPA, read 2026-07-23). EU 205 §4.3.5.1 national/country mix.
B12: Bio-oil LHV | C12: 15 | D12: MJ/kg — AECN CoA HHV 17.5 → LHV ~15 (A.Thomas)
B13: Biochar GCV (HHV, as-is) | C13: 24.16 | D13: MJ/kg — SGS ASTM D240 (10352/10406/10402 Btu/lb)
B14: Biochar H (as-is) | C14: 4.41 | D14: wt% — CHN combined sample
B15: Biochar moisture (as-is) | C15: 16.35 | D15: wt% — CHN combined sample
B16: Biochar LHV (derived) | C16: =C13-2.442*(C15+8.94*C14)/100 | D16: LHV=HHV−2.442×(M+8.94·H)/100
B19: EU 205 EMISSIONS (12-mo, kgCO2eq) | C19: kgCO2eq | D19: formula
B20: e_p — Propane | C20: =PP_Data!P7*C6*C5/1000 | D20: kg × LHV × EF
B21: e_p — Diesel (production) | C21: =PP_Data!P8*C8*C7/1000 | D21: kg × LHV × EF
B22: e_p — Gasoline | C22: =PP_Data!P9*C10*C9/1000 | D22: kg × LHV × EF
B23: e_p — Electricity (US national grid, no REC) | C23: =PP_Data!P10*C11 | D23: kWh × grid EF
B24: e_ec — Harvest (waste → 0) | C24: 0 | D24: feedstock argued as waste; RED Annex V zero-burden up to collection
B25: e_td — Biomass transport | C25: =PP_Data!P12*1000 | D25: gross biomass transport from PP summaries (MT→kg); Max: injection transport not included
B26: TOTAL included emissions | C26: =SUM(C20:C25)
B28: Bio-oil energy (WODO+Aq) | C28: =PP_Data!P17*C12 | D28: kg × bio-oil LHV
B29: Biochar energy | C29: =PP_Data!P16*C16 | D29: kg × biochar LHV
B30: Allocation factor → bio-oil | C30: =IFERROR(C28/(C28+C29),"") | D30: energy basis, EU 205 §4.3.8
B31: Emissions to bio-oil (kg) | C31: =IFERROR(C26*C30,"")
B33: BIO-OIL CI (kgCO2eq/tonne) | C33: =IFERROR(C31/(PP_Data!P17/1000),"")
B34: BIO-OIL CI (gCO2eq/MJ) | C34: =IFERROR(C33/C12,"") | D34: 12-mo Apr 2025 – Mar 2026 (all 12 months produced)

Sheet Result
B2: Result
B4: Metric | C4: Value | D4: Basis
B5: Bio-oil CI (kgCO2eq/dry-ton) | C5: =IFERROR(EU205_CI!C33,"") | D5: ACTUAL — EU 205 recompute, 12-mo (EU205_CI)
B6: Bio-oil CI (gCO2eq/MJ) | C6: =IFERROR(EU205_CI!C34,"") | D6: ACTUAL — EU 205 recompute, 12-mo
B7: Notional SAF CI (gCO2eq/MJ) | C7: =IFERROR(Refinery_SAF!C11,"") | D7: NOTIONAL (refinery placeholder)
B8: Fossil jet comparator (gCO2eq/MJ) | C8: 89 | D8: EXAMPLE — confirm value from ICAO before use
B9: GHG saving vs comparator (%) | C9: =IFERROR(IF(OR(C8="",NOT(ISNUMBER(C7))),"",(C8-C7)/C8*100),"") | D9: Informational only. Any pass/fail threshold comes from the destination market — RED III 50/60/65% (EU 205 §2) or CORSIA — not from this sheet. (ISCC PLUS certification does not itself require GHG; whether the voluntary GHG add-on imposes a threshold is unresolved in the in-force docs.)

Sheet Refinery_SAF
B2: Refinery co-processing → SAF (PLACEHOLDER — no refinery data yet)
B3: Orange cells are stand-ins. Replace with real refinery data.
B4: Item | C4: Value | D4: Note
B5: Bio-oil CI in (gCO2eq/MJ) | C5: =IFERROR(EU205_CI!C34,"") | D5: carried from bio-oil calc
B6: Bio-oil→SAF conversion efficiency | C6: 0.55 | D6: PLACEHOLDER: MJ SAF per MJ bio-oil in
B7: Refinery processing (gCO2eq/MJ SAF) | C7: 5 | D7: PLACEHOLDER
B8: Hydrogen input (gCO2eq/MJ SAF) | C8: 15 | D8: PLACEHOLDER: H2 for upgrading
B9: e_u (fuel in use) | C9: 0 | D9: 0 for biofuel combustion (RED Annex V pt.13)
B11: NOTIONAL SAF CI (gCO2eq/MJ) | C11: =IFERROR(IF(C6="","enter efficiency",C5/C6+C7+C8+C9),"") | D11: bio-oil CI/eff + refinery + H2 + e_u (NOTIONAL)
