Workbook

Sheet Summary
A1: Results Summary - Cradle to gate | D1: Note to Charm: the numbers in column E use 2026 target year values from the GHGenius LCA tool see the GHG emissions factors worksheet
B3: Carbon intensity of pyrolysis oil based on energy allocation between py-oil and filter cake co-product
B5: Item | E5: Value | F5: Unit | K5: Last value | M5: Change
B6: Wood residue Heavy Duty Vehicle Transportation (Diesel) | E6: =Analysis!E27/Inputs!H7*1000*'GHG emissions factors'!H4/1000000 -> 0.00020419604 | F6: metric tonne CO2eq / metric tonne of liquid | K6: 0.0002281148 | M6: =E6/K6-1 -> -0.10485403
B7: Wood Residue Front-wheel Loading (Diesel) | E7: =Analysis!E28*'GHG emissions factors'!H8/1000/Inputs!H7*1000/1000000 -> 0.021195368 | F7: metric tonne CO2eq / metric tonne of liquid | K7: 0.018443798 | M7: =E7/K7-1 -> 0.14918671
B8: Conversion (Electricity) | E8: =Analysis!E25/Inputs!H7*1000*'GHG emissions factors'!H6/1000000 -> 0.00084041516 | F8: metric tonne CO2eq / metric tonne of liquid | K8: 0.00099119665 | M8: =E8/K8-1 -> -0.15212066
B9: Conversion (Propane) | E9: =Analysis!E26/Inputs!H7*1000*'GHG emissions factors'!H10/1000/1000000 -> 0.09098772 | F9: metric tonne CO2eq / metric tonne of liquid | K9: 0.067746343 | M9: =E9/K9-1 -> 0.34306467
B10: Total | E10: =SUM(E6:E9) -> 0.1132277 | F10: metric tonne CO2eq / metric tonne of liquid | K10: =SUM(K6:K9) -> 0.087409453 | M10: =E10/K10-1 -> 0.29537133 | P10: Cradle to gate
B12: Carbon intensity of pyrolysis oil (no energy allocation to filter cake co-product)
B14: Item | E14: Value | F14: Unit | K14: Last value | M14: Change
B15: =B6 -> Wood residue Heavy Duty Vehicle Transportation (Diesel) | E15: =Analysis!E33/Inputs!H7*1000*'GHG emissions factors'!H4/1000000 -> 0.00023994745 | F15: metric tonne CO2eq / metric tonne of liquid | K15: 0.00026026351 | M15: =E15/K15-1 -> -0.078059592
B16: =B7 -> Wood Residue Front-wheel Loading (Diesel) | E16: =Analysis!E34*'GHG emissions factors'!H8/1000/Inputs!H7*1000/1000000 -> 0.024906332 | F16: metric tonne CO2eq / metric tonne of liquid | K16: 0.021043123 | M16: =E16/K16-1 -> 0.18358536
B17: Conversion (Electricity) | E17: =Analysis!E31/Inputs!H7*1000*'GHG emissions factors'!H6/1000000 -> 0.00098755819 | F17: metric tonne CO2eq / metric tonne of liquid | K17: 0.0011308881 | M17: =E17/K17-1 -> -0.12674106
B18: Conversion (Propane) | E18: =Analysis!E32/Inputs!H7*1000*'GHG emissions factors'!H10/1000/1000000 -> 0.10691819 | F18: metric tonne CO2eq / metric tonne of liquid | K18: 0.077293982 | M18: =E18/K18-1 -> 0.38326668
B19: Total | E19: =SUM(E15:E18) -> 0.13305203 | F19: metric tonne CO2eq / metric tonne of liquid | K19: =SUM(K15:K18) -> 0.099728257 | M19: =E19/K19-1 -> 0.33414573 | P19: Cradle to gate
B21: Carbon intensity of pyrolysis oil based on emissions displacement through the filter cake co-product combustion
B23: Item | E23: Value | F23: Unit | K23: Last value | M23: Change
B24: =B15 -> Wood residue Heavy Duty Vehicle Transportation (Diesel) | E24: =E15 -> 0.00023994745 | F24: metric tonne CO2eq / metric tonne of liquid | K24: 0.00026026351 | M24: =E24/K24-1 -> -0.078059592
B25: =B16 -> Wood Residue Front-wheel Loading (Diesel) | E25: =E16 -> 0.024906332 | F25: metric tonne CO2eq / metric tonne of liquid | K25: 0.021043123 | M25: =E25/K25-1 -> 0.18358536
B26: Conversion (Electricity) | E26: =E17 -> 0.00098755819 | F26: metric tonne CO2eq / metric tonne of liquid | K26: 0.0011308881 | M26: =E26/K26-1 -> -0.12674106
B27: Conversion (Propane) | E27: =E18 -> 0.10691819 | F27: metric tonne CO2eq / metric tonne of liquid | K27: 0.077293982 | M27: =E27/K27-1 -> 0.38326668
B28: Total | E28: =SUM(E24:E27) -> 0.13305203 | F28: metric tonne CO2eq / metric tonne of liquid | K28: =SUM(K24:K27) -> 0.099728257 | M28: =E28/K28-1 -> 0.33414573 | P28: Cradle to gate
B30: Less: Co-product displacement (bark boiler emissions in the sawmill facility) | E30: =-Inputs!H13/(Inputs!H6*Inputs!H7/1000)/1000*'GHG emissions factors'!H12/1000000 -> -0.0071100257 | F30: kgCO2-eq / L | K30: -0.0058197207 | M30: =E30/K30-1 -> 0.22171254
B31: Net total | E31: =E30+E28 -> 0.125942 | F31: metric tonne CO2eq / metric tonne of liquid | K31: =SUM(K28:K30) -> 0.093908536 | M31: =E31/K31-1 -> 0.34111346 | P31: Cradle to gate

Sheet Inputs
B2: Variable | H2: Value | J2: Unit | M2: Source
B3: Period start | H3: 46023
B4: Period end (inclusive of) | H4: 46203
B5: Biomass input | H5: 19110.591 | J5: dry metric tonnes | M5: See document "Supporting GHG data 30Jun2026S"
B6: Total pyrolysis oil produced | H6: 10334884 | J6: Litres | M6: =M5 -> See document "Supporting GHG data 30Jun2026S"
B7: Pyrolysis oil density | H7: 1.199711 | J7: kg/L | M7: Average measured value during the time period based on laboratory analysis
B8: Pyrolysis oil High Heating Value | H8: 17.406969 | J8: MJ/kg | M8: Average measured value during the time period based on laboratory analysis
B9: Filter cake co-product produced (co-product from the facility sold to third-party customer) | H9: 1746.2 | J9: metric tonnes ("as is") | M9: =M6 -> See document "Supporting GHG data 30Jun2026S"
B10: Filter cake co-product High Heating Value | H10: 21.64 | J10: MJ/kg | M10: Based on recent third-party Certficate of Analysis
B12: Pyrolysis oil production | H12: =H6*H7*H8 -> 2.1582683e+08 | J12: MJ of pyrolysis oil
B13: Filter cake production | H13: =H9*1000*H10 -> 37787768 | J13: MJ of filter cake co-product

Sheet Analysis
B2: Variable | E2: Value | F2: Unit | H2: Comment
B4: Heavy Duty Vehicle transport of sawmill residues (Sawmill to bioenergy plant)
B5: Distance | E5: 0.48 | F5: km (one-way) | H5: See the worksheet titled "Distance sawmill-plant"
B6: Average moisture content | E6: =46.6107296137339/100 -> 0.4661073 | F6: % weight | H6: Average measured value for the whole period
B7: tkm | E7: =E5/(1-E6) -> 0.89905705 | F7: tonne-kilometre (dry basis)
B9: Diesel fuel for biomass handling and loading
B10: Litres consumed for handling biomass and loading trucks (front wheel loaders) | E10: 60395 | F10: Litres | H10: =Inputs!M5 -> See document "Supporting GHG data 30Jun2026S"
B11: Diesel High Heating Value | E11: 38.6534 | F11: MJ/L | H11: GHGenius 5.02b
B12: Diesel fuel consumption | E12: =E11*E10 -> 2334472.1 | F12: MJ
B14: Conversion
B15: Electricity (QC) | E15: 7202712 | F15: kWh | H15: =H10 -> See document "Supporting GHG data 30Jun2026S"
B16: Liquid Propane Gas (LPG) | E16: 749983 | F16: Litres | H16: =H15 -> See document "Supporting GHG data 30Jun2026S"
B17: LPG High Heating Value | E17: 25.621052 | F17: MJ/L | H17: GHGenius 5.02b
B18: Liquid Propane Gas (LPG) | E18: =E16*E17 -> 19215354 | F18: MJ during the period
B20: Final transport to customer
B21: Distance | E21: 0 | F21: km
B23: Allocation factors between pyrolysis oil and filter cake co-product (per litre)
B24: Allocation on an energy basis | E24: =Inputs!H12/SUM(Inputs!H12:H13) -> 0.85100319 | F24: % MJ pyrolysis oil produced over total MJ produced (pyrolysis oil and filter cake co-product)
B25: Electricity | E25: =E15*E24/Inputs!H6 -> 0.59309138 | F25: kWh/L
B26: LPG | E26: =E18*E24/Inputs!H6 -> 1.5822458 | F26: MJ/L
B27: tkm for biomass transport between sawmill and plant | E27: =E7*E24*Inputs!H5/Inputs!H6 -> 0.0014147736 | F27: tkm / L
B28: Diesel for feedstock handling and loading (front wheel loaders) | E28: =E12*E24/Inputs!H6 -> 0.19222694 | F28: diesel fuel MJ / L
B30: Allocation factors (per litre, no energy allocation)
B31: Electricity | E31: =E15/Inputs!H6 -> 0.69693204 | F31: kWh/L
B32: LPG | E32: =E18/Inputs!H6 -> 1.8592713 | F32: MJ/L
B33: tkm for biomass transport between sawmill and plant | E33: =E7*Inputs!H5/Inputs!H6 -> 0.0016624774 | F33: tkm / L
B34: Diesel for feedstock handling and loading (front wheel loaders) | E34: =E12/Inputs!H6 -> 0.22588275 | F34: diesel fuel MJ / L

Sheet Distance sawmill-plant

Sheet GHG emissions factors
H2: Quebec, 2026 target year, 2021 (100 years) GWP, GHGenius 502b | J2: Quebec, 2024 target year, 2021 (100 years) GWP, GHGenius 502b
B4: Heavy duty truck (petrol diesel 0.0015% sulfur, QC) | F4: gCO2e/tkm | H4: 173.1558 | J4: 174.76878
B6: Quebec electricity consumption carbon intensity | F6: gCO2e/kWh-delivered | H6: =J6 -> 1.7 | J6: 1.7 | L6: https://publications.gc.ca/collections/collection_2022/eccc/En81-4-2020-3-eng.pdf
B8: Wheel Loader, Diesel, QC | F8: gCO2-eq/GJ | H8: 132282.8 | J8: 131959.01
B10: Industrial boiler emissions with LPG (Propane) | F10: gCO2-eq/GJ | H10: 68989.897 | J10: 69040.62
B12: Industrial boiler (bark boiler), wood waste | F12: gCO2-eq/GJ | H12: 2332.9327 | J12: 2332.9327
B14: Rail (0.002% sulphur, QC) | F14: gCO2-eq/tkm | H14: 17.118487 | J14: 17.680265
