Workbook

Sheet Summary
A1: BATCH SUMMARY
A2: Batch ID | B2: INJ-09-2026-W1
A3: Week Start (Sat) | B3: 46263
A4: Week End (Sat) | B4: 46270
A6: SECTION 1 - PER-TAB SUMMARY (each row pulls from its mode tab)
A7: Source Tab | B7: Σ Deliveries / Cargo (kg) | C7: Σ Uncertainty Adj (kg) | D7: Mass Used (kg) | E7: Sparging Loss (kg) | F7: Filtration Loss (kg) | G7: MOBI (kg) | H7: AECN→SOPOR EE (mi) | I7: Rail EE (mi) | J7: Opel→Basco EE (mi)
A8: AECN Rail | B8: ='AECN Rail'!A44 -> 155880 | C8: ='AECN Rail'!B44 -> 16.89584 | D8: ='AECN Rail'!C44 -> 155863.1 | E8: ='AECN Rail'!D44 -> 2008.0779 | F8: ='AECN Rail'!E44 -> 301.16747 | G8: ='AECN Rail'!F44 -> 153355.71 | H8: ='AECN Rail'!L36 -> 644.10937 | I8: ='AECN Rail'!M36 -> 4398 | J8: ='AECN Rail'!N36 -> 686.4
A9: AECN Truck | B9: ='AECN Truck'!A28 -> 277790 | C9: ='AECN Truck'!F28 -> 0 | D9: ='AECN Truck'!C28 -> 277790 | E9: ='AECN Truck'!D28 -> 3583.491 | F9: ='AECN Truck'!E28 -> 537.44476 | G9: ='AECN Truck'!G28 -> 273669.06
A10: Charm WODO | B10: =WODO!A33 -> 14926 | C10: =WODO!A33-WODO!B33 -> 748.8 | D10: =WODO!B33 -> 14177.2 | E10: =WODO!C33 -> 101.92 | F10: 0 | G10: =WODO!D33 -> 14075.28
A11: Kerry | B11: =Kerry!A33 -> 0 | C11: 0 | D11: =Kerry!A33 -> 0 | E11: =Kerry!B33 -> 0 | F11: 0 | G11: =Kerry!C33 -> 0
A12: QOWV | B12: =QOWV!B53 -> 0 | C12: 0 | D12: =QOWV!D53 -> 0 | E12: 0 | F12: 0 | G12: =QOWV!F53 -> 0
A13: Whole Oil | B13: ='Whole Oil'!A33 -> 1173 | C13: ='Whole Oil'!A33-'Whole Oil'!B33 -> 57.6 | D13: ='Whole Oil'!B33 -> 1115.4 | E13: ='Whole Oil'!C33 -> 11.4 | F13: 0 | G13: ='Whole Oil'!D33 -> 1104
A14: TOTAL | B14: =SUM(B8:B13) -> 449769 | C14: =SUM(C8:C13) -> 823.29584 | D14: =SUM(D8:D13) -> 448945.7 | E14: =SUM(E8:E13) -> 5704.8889 | F14: =SUM(F8:F13) -> 838.61223 | G14: =SUM(G8:G13) -> 442204.05 | H14: =SUM(H8:H13) -> 644.10937 | I14: =SUM(I8:I13) -> 4398 | J14: =SUM(J8:J13) -> 686.4
A16: SECTION 2 - PER-OIL-TYPE ROLLUP (composite C% per oil type per week)
A17: Oil Type | B17: MOBI (kg) | C17: Composite Sample ID | D17: Date Composited | E17: C % | F17: Lab COA Link | G17: C Content Uncertainty | H17: Testing Uncertainty
A18: AECN | B18: =G8+G9 -> 427024.77 | C18: SR26-05371.001 | D18: 46270 | E18: =IFERROR(('AECN Rail'!H44*G8+'AECN Truck'!I28*G9)/(G8+G9),"") -> 0.504 | F18: =HYPERLINK("https://drive.google.com/file/d/1uEG4UNe5gCHo4M55OWK4Hd1w62Hca-nu/view","COA SR26-05371.001") -> COA SR26-05371.001 | G18: =E18*H18 -> 0.002016 | H18: 0.004
A19: WODO | B19: =G10 -> 14075.28 | C19: SR26-05444.001 | D19: 46270 | E19: 0.573 | F19: =HYPERLINK("https://drive.google.com/file/d/1Wyv_L0FLgu7Q_ZhWZqLyzPjO48Rdgeny/view","COA SR26-05444.001") -> COA SR26-05444.001 | G19: =E19*H19 -> 0.002292 | H19: 0.004
A20: Kerry | B20: =G11 -> 0
A21: QOWV | B21: =G12 -> 0
A22: Whole Oil | B22: =G13 -> 1104 | E22: 0.3689 | G22: =E22*H22 -> 0.0014756 | H22: 0.004
A23: TOTAL | B23: =SUM(B18:B22) -> 442204.05

Sheet AECN Rail
A1: BATCH HEADER — AECN Rail
A2: Batch ID (INJ-YYYY-WXX) | B2: INJ-09-2026-W1 | N2: Constants
A3: Week Start (Sat) | B3: 46263 | N3: Lbs/Kg | O3: 2.20462
A4: Week End (Sat) | B4: 46270 | N4: Kg/Lbs | O4: 0.453592
N5: Sparging Mass Loss | O5: 0.0129
N6: pH range (target) | O6: 2.0 - 4.0
N7: Filtration Solids Content | O7: =HYPERLINK("https://docs.google.com/spreadsheets/d/1XhIwfVwGTl2T04CAlA-qee03gfqxNWwBmSCAeiSW548/edit?usp=sharing", 0.00196) -> 0.00196
A8: SECTION 1 - RAILCARS RECEIVED THIS WEEK (entity-level) | N8: BOL Trips (AECN→SOPOR) | O8: 3
A9: Railcar # | B9: Arrival Date at Opelousas | C9: Loading BOLs (comma-sep) | D9: Total Loaded (MT) | E9: Total Loaded (kg) | F9: Total Offloaded (kg, auto) | G9: Loss (kg) | H9: Previously Claimed (kg) | I9: Prior-RP Claimed (kg) | J9: AECN→SOPOR (mi) | K9: Rail (mi) | L9: Opel→Basco (mi) | M9: Notes | N9: Round Trip (Opel→Basco) | O9: 2 | P9: Full Railcar This Week?
A10: GRPX5254 | B10: 46267 | C10: 2430-R, 2431-R, 2432-R | D10: 77.87 | E10: 77870 | F10: =SUMIF($C$28:$C$41,A10,$F$28:$F$41)+H10 -> 77654.95 | G10: =IF(AND(E10<>"",F10<>"",F10>=0.95*E10),E10-F10,"") -> 215.0496 | H10: 0 | I10: 0 | J10: 107.5 | K10: 2199 | L10: 42.9 | M10: New railcar this RP. Loaded 7/15/2026 at SOPOR (BOLs 2430-R/2431-R/2432-R, 77,870 kg). All 4 offloads logged this week, scale-ticket confirmed (delta <1 kg vs COBB on all 4). Prior-RP claimed: 0 kg. | P10: =IF(OR($E10="",$F10=""),"",IF(AND($H10=0,$F10>=0.95*$E10),"FULL","PARTIAL")) -> FULL
A11: GPRX5107 | B11: 46261 | C11: 2444-R, 2445-R, 2446-R | D11: 78.01 | E11: 78010 | F11: =SUMIF($C$28:$C$41,A11,$F$28:$F$41)+H11 -> 78026.896 | G11: =IF(AND(E11<>"",F11<>"",F11>=0.95*E11),E11-F11,"") -> -16.89584 | H11: 0 | I11: 0 | J11: 107.5 | K11: 2199 | L11: 42.9 | M11: New railcar this RP. Loaded 7/27-7/29/2026 at SOPOR (BOLs 2444-R/2445-R/2446-R, 78,010 kg). Offload 3 (LD3) scale-ticket pair was initially unresolvable in a Gmail harvest (2026-08-15 to 2026-09-15); the Full/Empty pair was subsequently located and filed, and all 4 offloads are now ticketed. Closure 78,026.90 / 78,010 kg = 100.02%; the 16.89584 kg overage is removed via the Uncertainty Adjustment on offload 4. Prior-RP claimed: 0 kg. | P11: =IF(OR($E11="",$F11=""),"",IF(AND($H11=0,$F11>=0.95*$E11),"FULL","PARTIAL")) -> FULL
G12: =IF(AND(E12<>"",F12<>"",F12>=0.95*E12),E12-F12,"") | P12: =IF(OR($E12="",$F12=""),"",IF(AND($H12=0,$F12>=0.95*$E12),"FULL","PARTIAL"))
G13: =IF(AND(E13<>"",F13<>"",F13>=0.95*E13),E13-F13,"") | P13: =IF(OR($E13="",$F13=""),"",IF(AND($H13=0,$F13>=0.95*$E13),"FULL","PARTIAL"))
G14: =IF(AND(E14<>"",F14<>"",F14>=0.95*E14),E14-F14,"") | P14: =IF(OR($E14="",$F14=""),"",IF(AND($H14=0,$F14>=0.95*$E14),"FULL","PARTIAL"))
A15: SECTION 2 - ORIGINS LEDGER (loading BOLs at SOPOR)
A16: Date | B16: BOL # | C16: Railcar # | D16: BOL Mass (MT) | E16: BOL Mass (kg)
A17: 46218 | B17: =HYPERLINK("https://drive.google.com/file/d/1jXCSDFw7KSEvsQw_UwatoZvUcvADnVKu/view","2430-R") -> 2430-R | C17: GRPX5254 | D17: 25.98 | E17: 25980
A18: 46218 | B18: =HYPERLINK("https://drive.google.com/file/d/1gPkcBZCCoS_j5S7Wv3PA46TKTrWVX3vz/view","2431-R") -> 2431-R | C18: GRPX5254 | D18: 25.84 | E18: 25840
A19: 46218 | B19: =HYPERLINK("https://drive.google.com/file/d/1bh9Q4to_lNiuCq-Ia7m0EtMT3IyAbA7J/view","2432-R") -> 2432-R | C19: GRPX5254 | D19: 26.05 | E19: 26050
A21: 46230 | B21: =HYPERLINK("https://drive.google.com/file/d/1SH4RhZW1vdjFhqqABd3wfpzrugBfimYW/view","2444-R") -> 2444-R | C21: GPRX5107 | D21: 25.86 | E21: 25860
A22: 46231 | B22: =HYPERLINK("https://drive.google.com/file/d/1uJ7yAopnSiKUeslPUDU9eHVu4c-qZLiU/view","2445-R") -> 2445-R | C22: GPRX5107 | D22: 26.06 | E22: 26060
A23: 46231 | B23: =HYPERLINK("https://drive.google.com/file/d/1y43ybZxgmWvUChUS4z7oPvC3A778nEEp/view","2446-R") -> 2446-R | C23: GPRX5107 | D23: 26.09 | E23: 26090
A26: SECTION 3 - SCALE TICKTS + OFFLOAD WEIGHTS
D27: Full Scale Ticket (lb) | E27: Empty Scale Ticket (lb) | F27: Net Scaled Mass (kg) | G27: pH | H27: Sparging Loss (kg) | I27: Filtration Loss (kg) | J27: Uncertainty Adjustment (kg) | K27: MOBI (kg) | L27: AECN→SOPOR (mi, allocated ×3) | M27: Rail (mi, allocated) | N27: Opel→Basco (mi, full ×2) | O27: C Content
A28: 46269 | B28: Rail_GRPX5254_7.17.2026_offload_1 | C28: GRPX5254 | D28: =HYPERLINK("https://drive.google.com/file/d/1_JU0p6ybIW9_76m_DRa_mQgmt-WcGP1f/view",71660) -> 71660 | E28: =HYPERLINK("https://drive.google.com/file/d/1_gJVD_i6eAye5hgyRuF86ij2DPnCbkXi/view",28800) -> 28800 | F28: =IF(OR(D28="",E28=""),"",(D28-E28)*$O$4) -> 19440.953 | H28: =IF(F28="","",(F28-J28)*$O$5) -> 250.7883 | I28: =IF(F28="","",(F28-J28)*(1-$O$5)*$O$7) -> 37.612723 | J28: {=IF(F28="","",IF(ROW()=MAX(IF($C$28:$C$35=C28,ROW($C$28:$C$35),0)),MAX(0,IFERROR(VLOOKUP(C28,$A$10:$L$14,6,FALSE)-VLOOKUP(C28,$A$10:$L$14,5,FALSE),0)),0))} -> 0 | K28: =IF(F28="","",F28-H28-I28-J28) -> 19152.552 | L28: =IF(F28="","",(F28-J28)/VLOOKUP(C28,$A$10:$L$14,5,FALSE)*VLOOKUP(C28,$A$10:$L$14,10,FALSE)*$O$8) -> 80.515056 | M28: {=IF(F28="","",IF(IFERROR(VLOOKUP(C28,$A$10:$P$14,16,FALSE),"")="FULL",IF(ROW()=MIN(IF($C$28:$C$35=C28,ROW($C$28:$C$35),10^9)),VLOOKUP(C28,$A$10:$P$14,11,FALSE),0),(F28-J28)/VLOOKUP(C28,$A$10:$P$14,5,FALSE)*VLOOKUP(C28,$A$10:$P$14,11,FALSE)))} -> 2199 | N28: =IF(F28="","",IFERROR(VLOOKUP(C28,$A$10:$L$14,12,FALSE),0)*$O$9) -> 85.8 | O28: 0.504
A29: 46269 | B29: Rail_GRPX5254_7.17.2026_offload_2 | C29: GRPX5254 | D29: =HYPERLINK("https://drive.google.com/file/d/17WZr_s6_7QZrRRqFWpZ3CVciRui1zkAh/view",73380) -> 73380 | E29: =HYPERLINK("https://drive.google.com/file/d/1jmCBqpLaQdXQ5wnh0zwp8fteqACeuvbc/view",29620) -> 29620 | F29: =IF(OR(D29="",E29=""),"",(D29-E29)*$O$4) -> 19849.186 | H29: =IF(F29="","",(F29-J29)*$O$5) -> 256.0545 | I29: =IF(F29="","",(F29-J29)*(1-$O$5)*$O$7) -> 38.402538 | J29: {=IF(F29="","",IF(ROW()=MAX(IF($C$28:$C$35=C29,ROW($C$28:$C$35),0)),MAX(0,IFERROR(VLOOKUP(C29,$A$10:$L$14,6,FALSE)-VLOOKUP(C29,$A$10:$L$14,5,FALSE),0)),0))} -> 0 | K29: =IF(F29="","",F29-H29-I29-J29) -> 19554.729 | L29: =IF(F29="","",(F29-J29)/VLOOKUP(C29,$A$10:$L$14,5,FALSE)*VLOOKUP(C29,$A$10:$L$14,10,FALSE)*$O$8) -> 82.205759 | M29: {=IF(F29="","",IF(IFERROR(VLOOKUP(C29,$A$10:$P$14,16,FALSE),"")="FULL",IF(ROW()=MIN(IF($C$28:$C$35=C29,ROW($C$28:$C$35),10^9)),VLOOKUP(C29,$A$10:$P$14,11,FALSE),0),(F29-J29)/VLOOKUP(C29,$A$10:$P$14,5,FALSE)*VLOOKUP(C29,$A$10:$P$14,11,FALSE)))} -> 0 | N29: =IF(F29="","",IFERROR(VLOOKUP(C29,$A$10:$L$14,12,FALSE),0)*$O$9) -> 85.8 | O29: 0.504
A30: 46269 | B30: Rail_GRPX5254_7.17.2026_offload_3 | C30: GRPX5254 | D30: =HYPERLINK("https://drive.google.com/file/d/1ULPxxgUVEfm42xMQEZR-1ZFgPbR4TCVE/view",74260) -> 74260 | E30: =HYPERLINK("https://drive.google.com/file/d/1HhgUjH4Qqm8hSHw72Judhw5zN7BLr0sJ/view",28400) -> 28400 | F30: =IF(OR(D30="",E30=""),"",(D30-E30)*$O$4) -> 20801.729 | H30: =IF(F30="","",(F30-J30)*$O$5) -> 268.34231 | I30: =IF(F30="","",(F30-J30)*(1-$O$5)*$O$7) -> 40.245438 | J30: {=IF(F30="","",IF(ROW()=MAX(IF($C$28:$C$35=C30,ROW($C$28:$C$35),0)),MAX(0,IFERROR(VLOOKUP(C30,$A$10:$L$14,6,FALSE)-VLOOKUP(C30,$A$10:$L$14,5,FALSE),0)),0))} -> 0 | K30: =IF(F30="","",F30-H30-I30-J30) -> 20493.141 | L30: =IF(F30="","",(F30-J30)/VLOOKUP(C30,$A$10:$L$14,5,FALSE)*VLOOKUP(C30,$A$10:$L$14,10,FALSE)*$O$8) -> 86.150734 | M30: {=IF(F30="","",IF(IFERROR(VLOOKUP(C30,$A$10:$P$14,16,FALSE),"")="FULL",IF(ROW()=MIN(IF($C$28:$C$35=C30,ROW($C$28:$C$35),10^9)),VLOOKUP(C30,$A$10:$P$14,11,FALSE),0),(F30-J30)/VLOOKUP(C30,$A$10:$P$14,5,FALSE)*VLOOKUP(C30,$A$10:$P$14,11,FALSE)))} -> 0 | N30: =IF(F30="","",IFERROR(VLOOKUP(C30,$A$10:$L$14,12,FALSE),0)*$O$9) -> 85.8 | O30: 0.504
A31: 46269 | B31: Rail_GRPX5254_7.17.2026_offload_4 | C31: GRPX5254 | D31: =HYPERLINK("https://drive.google.com/file/d/1Ni-VUlybdxCfWNbrqt4szXARmPAFXcOf/view",68140) -> 68140 | E31: =HYPERLINK("https://drive.google.com/file/d/1Zk7dSiehwQ-BkOgwgvLOC2E4iam_4VIn/view",29420) -> 29420 | F31: =IF(OR(D31="",E31=""),"",(D31-E31)*$O$4) -> 17563.082 | H31: =IF(F31="","",(F31-J31)*$O$5) -> 226.56376 | I31: =IF(F31="","",(F31-J31)*(1-$O$5)*$O$7) -> 33.979576 | J31: {=IF(F31="","",IF(ROW()=MAX(IF($C$28:$C$35=C31,ROW($C$28:$C$35),0)),MAX(0,IFERROR(VLOOKUP(C31,$A$10:$L$14,6,FALSE)-VLOOKUP(C31,$A$10:$L$14,5,FALSE),0)),0))} -> 0 | K31: =IF(F31="","",F31-H31-I31-J31) -> 17302.539 | L31: =IF(F31="","",(F31-J31)/VLOOKUP(C31,$A$10:$L$14,5,FALSE)*VLOOKUP(C31,$A$10:$L$14,10,FALSE)*$O$8) -> 72.73782 | M31: {=IF(F31="","",IF(IFERROR(VLOOKUP(C31,$A$10:$P$14,16,FALSE),"")="FULL",IF(ROW()=MIN(IF($C$28:$C$35=C31,ROW($C$28:$C$35),10^9)),VLOOKUP(C31,$A$10:$P$14,11,FALSE),0),(F31-J31)/VLOOKUP(C31,$A$10:$P$14,5,FALSE)*VLOOKUP(C31,$A$10:$P$14,11,FALSE)))} -> 0 | N31: =IF(F31="","",IFERROR(VLOOKUP(C31,$A$10:$L$14,12,FALSE),0)*$O$9) -> 85.8 | O31: 0.504
A32: 46269 | B32: Rail_GPRX5107_7.29.2026_offload_1 | C32: GPRX5107 | D32: =HYPERLINK("https://drive.google.com/file/d/16SoUErKh8J_0O28iTf8789vwpXxlkaBS/view",78360) -> 78360 | E32: =HYPERLINK("https://drive.google.com/file/d/1yi2rWInFYH_w3UIIytt5lP9mKI_e53--/view",29440) -> 29440 | F32: =IF(OR(D32="",E32=""),"",(D32-E32)*$O$4) -> 22189.721 | H32: =IF(F32="","",(F32-J32)*$O$5) -> 286.2474 | I32: =IF(F32="","",(F32-J32)*(1-$O$5)*$O$7) -> 42.930808 | J32: {=IF(F32="","",IF(ROW()=MAX(IF($C$28:$C$35=C32,ROW($C$28:$C$35),0)),MAX(0,IFERROR(VLOOKUP(C32,$A$10:$L$14,6,FALSE)-VLOOKUP(C32,$A$10:$L$14,5,FALSE),0)),0))} -> 0 | K32: =IF(F32="","",F32-H32-I32-J32) -> 21860.542 | L32: =IF(F32="","",(F32-J32)/VLOOKUP(C32,$A$10:$L$14,5,FALSE)*VLOOKUP(C32,$A$10:$L$14,10,FALSE)*$O$8) -> 91.7342 | M32: {=IF(F32="","",IF(IFERROR(VLOOKUP(C32,$A$10:$P$14,16,FALSE),"")="FULL",IF(ROW()=MIN(IF($C$28:$C$35=C32,ROW($C$28:$C$35),10^9)),VLOOKUP(C32,$A$10:$P$14,11,FALSE),0),(F32-J32)/VLOOKUP(C32,$A$10:$P$14,5,FALSE)*VLOOKUP(C32,$A$10:$P$14,11,FALSE)))} -> 2199 | N32: =IF(F32="","",IFERROR(VLOOKUP(C32,$A$10:$L$14,12,FALSE),0)*$O$9) -> 85.8 | O32: 0.504
A33: 46269 | B33: Rail_GPRX5107_7.29.2026_offload_2 | C33: GPRX5107 | D33: =HYPERLINK("https://drive.google.com/file/d/1AE0X1N14LP2G8YuIPckUqF87RYZMHr1F/view",74140) -> 74140 | E33: =HYPERLINK("https://drive.google.com/file/d/1PBCyFKtfv4Osxvx3yJtf9cRzJvCGI3K-/view",28640) -> 28640 | F33: =IF(OR(D33="",E33=""),"",(D33-E33)*$O$4) -> 20638.436 | H33: =IF(F33="","",(F33-J33)*$O$5) -> 266.23582 | I33: =IF(F33="","",(F33-J33)*(1-$O$5)*$O$7) -> 39.929512 | J33: {=IF(F33="","",IF(ROW()=MAX(IF($C$28:$C$35=C33,ROW($C$28:$C$35),0)),MAX(0,IFERROR(VLOOKUP(C33,$A$10:$L$14,6,FALSE)-VLOOKUP(C33,$A$10:$L$14,5,FALSE),0)),0))} -> 0 | K33: =IF(F33="","",F33-H33-I33-J33) -> 20332.271 | L33: =IF(F33="","",(F33-J33)/VLOOKUP(C33,$A$10:$L$14,5,FALSE)*VLOOKUP(C33,$A$10:$L$14,10,FALSE)*$O$8) -> 85.321056 | M33: {=IF(F33="","",IF(IFERROR(VLOOKUP(C33,$A$10:$P$14,16,FALSE),"")="FULL",IF(ROW()=MIN(IF($C$28:$C$35=C33,ROW($C$28:$C$35),10^9)),VLOOKUP(C33,$A$10:$P$14,11,FALSE),0),(F33-J33)/VLOOKUP(C33,$A$10:$P$14,5,FALSE)*VLOOKUP(C33,$A$10:$P$14,11,FALSE)))} -> 0 | N33: =IF(F33="","",IFERROR(VLOOKUP(C33,$A$10:$L$14,12,FALSE),0)*$O$9) -> 85.8 | O33: 0.504
A34: 46269 | B34: Rail_GPRX5107_7.29.2026_offload_3 | C34: GPRX5107 | D34: =HYPERLINK("https://drive.google.com/file/d/1KqKrquwMU658U3gcSaNLxW4nqK3NyTzt/view",72600) -> 72600 | E34: =HYPERLINK("https://drive.google.com/file/d/1-tUppanrmcwhAQWzsZw0ZPPon8UMpUzj/view",28480) -> 28480 | F34: =IF(OR(D34="",E34=""),"",(D34-E34)*$O$4) -> 20012.479 | H34: =IF(F34="","",(F34-J34)*$O$5) -> 258.16098 | I34: =IF(F34="","",(F34-J34)*(1-$O$5)*$O$7) -> 38.718463 | J34: {=IF(F34="","",IF(ROW()=MAX(IF($C$28:$C$35=C34,ROW($C$28:$C$35),0)),MAX(0,IFERROR(VLOOKUP(C34,$A$10:$L$14,6,FALSE)-VLOOKUP(C34,$A$10:$L$14,5,FALSE),0)),0))} -> 0 | K34: =IF(F34="","",F34-H34-I34-J34) -> 19715.6 | L34: =IF(F34="","",(F34-J34)/VLOOKUP(C34,$A$10:$L$14,5,FALSE)*VLOOKUP(C34,$A$10:$L$14,10,FALSE)*$O$8) -> 82.733297 | M34: {=IF(F34="","",IF(IFERROR(VLOOKUP(C34,$A$10:$P$14,16,FALSE),"")="FULL",IF(ROW()=MIN(IF($C$28:$C$35=C34,ROW($C$28:$C$35),10^9)),VLOOKUP(C34,$A$10:$P$14,11,FALSE),0),(F34-J34)/VLOOKUP(C34,$A$10:$P$14,5,FALSE)*VLOOKUP(C34,$A$10:$P$14,11,FALSE)))} -> 0 | N34: =IF(F34="","",IFERROR(VLOOKUP(C34,$A$10:$L$14,12,FALSE),0)*$O$9) -> 85.8 | O34: 0.504
A35: 46269 | B35: Rail_GPRX5107_7.29.2026_offload_4 | C35: GPRX5107 | D35: =HYPERLINK("https://drive.google.com/file/d/1DlOlwvd0TjwLsZaQUInhkULuiM3_IbOf/view",62780) -> 62780 | E35: =HYPERLINK("https://drive.google.com/file/d/19xIrMn--zHfdTJ4-Oj4-vTD-hKAdke6J/view",29300) -> 29300 | F35: =IF(OR(D35="",E35=""),"",(D35-E35)*$O$4) -> 15186.26 | H35: =IF(F35="","",(F35-J35)*$O$5) -> 195.6848 | I35: =IF(F35="","",(F35-J35)*(1-$O$5)*$O$7) -> 29.348412 | J35: {=IF(F35="","",IF(ROW()=MAX(IF($C$28:$C$35=C35,ROW($C$28:$C$35),0)),MAX(0,IFERROR(VLOOKUP(C35,$A$10:$L$14,6,FALSE)-VLOOKUP(C35,$A$10:$L$14,5,FALSE),0)),0))} -> 16.89584 | K35: =IF(F35="","",F35-H35-I35-J35) -> 14944.331 | L35: =IF(F35="","",(F35-J35)/VLOOKUP(C35,$A$10:$L$14,5,FALSE)*VLOOKUP(C35,$A$10:$L$14,10,FALSE)*$O$8) -> 62.711447 | M35: {=IF(F35="","",IF(IFERROR(VLOOKUP(C35,$A$10:$P$14,16,FALSE),"")="FULL",IF(ROW()=MIN(IF($C$28:$C$35=C35,ROW($C$28:$C$35),10^9)),VLOOKUP(C35,$A$10:$P$14,11,FALSE),0),(F35-J35)/VLOOKUP(C35,$A$10:$P$14,5,FALSE)*VLOOKUP(C35,$A$10:$P$14,11,FALSE)))} -> 0 | N35: =IF(F35="","",IFERROR(VLOOKUP(C35,$A$10:$L$14,12,FALSE),0)*$O$9) -> 85.8 | O35: 0.504
L36: =SUM(L28:L35) -> 644.10937 | M36: =SUM(M28:M35) -> 4398 | N36: =SUM(N28:N35) -> 686.4
L37: =IF(F37="","",(F37-J37)/VLOOKUP(C37,$A$10:$L$14,5,FALSE)*VLOOKUP(C37,$A$10:$L$14,10,FALSE)*$O$8) | M37: =IF(F37="","",(F37-J37)/VLOOKUP(C37,$A$10:$L$14,5,FALSE)*VLOOKUP(C37,$A$10:$L$14,11,FALSE)) | N37: =IF(F37="","",IFERROR(VLOOKUP(C37,$A$10:$L$14,12,FALSE),0)*$O$9)
L38: =IF(F38="","",(F38-J38)/VLOOKUP(C38,$A$10:$L$14,5,FALSE)*VLOOKUP(C38,$A$10:$L$14,10,FALSE)*$O$8) | M38: =IF(F38="","",(F38-J38)/VLOOKUP(C38,$A$10:$L$14,5,FALSE)*VLOOKUP(C38,$A$10:$L$14,11,FALSE)) | N38: =IF(F38="","",IFERROR(VLOOKUP(C38,$A$10:$L$14,12,FALSE),0)*$O$9)
L39: =IF(F39="","",(F39-J39)/VLOOKUP(C39,$A$10:$L$14,5,FALSE)*VLOOKUP(C39,$A$10:$L$14,10,FALSE)*$O$8) | M39: =IF(F39="","",(F39-J39)/VLOOKUP(C39,$A$10:$L$14,5,FALSE)*VLOOKUP(C39,$A$10:$L$14,11,FALSE)) | N39: =IF(F39="","",IFERROR(VLOOKUP(C39,$A$10:$L$14,12,FALSE),0)*$O$9)
L40: =IF(F40="","",(F40-J40)/VLOOKUP(C40,$A$10:$L$14,5,FALSE)*VLOOKUP(C40,$A$10:$L$14,10,FALSE)*$O$8) | M40: =IF(F40="","",(F40-J40)/VLOOKUP(C40,$A$10:$L$14,5,FALSE)*VLOOKUP(C40,$A$10:$L$14,11,FALSE)) | N40: =IF(F40="","",IFERROR(VLOOKUP(C40,$A$10:$L$14,12,FALSE),0)*$O$9)
A42: SECTION 4 - ROLLUP (Mass Used = Σ Deliveries – Uncertainty Adj)
A43: Σ Deliveries raw (kg) | B43: Σ Uncertainty Adj (kg) | C43: Mass Used (post-adj) (kg) | D43: Sparging Loss (kg) | E43: Filtration Loss (kg) | F43: MOBI (kg) | G43: pH | H43: C Content | M43: Origins list (BOLs)
A44: =SUM(E17:E23) -> 155880 | B44: =SUM(J28:J40) -> 16.89584 | C44: =A44-B44 -> 155863.1 | D44: =SUM(H28:H40) -> 2008.0779 | E44: =SUM(I28:I40) -> 301.16747 | F44: =SUM(K28:K40) -> 153355.71 | G44: =IFERROR(AVERAGE(G28:G40),"") | H44: =IFERROR(SUMPRODUCT(K28:K40,O28:O40)/SUM(K28:K40),"") -> 0.504 | M44: =IFERROR(__xludf.DUMMYFUNCTION("TRIM(TEXTJOIN("", "",TRUE,IFERROR(FILTER(B17:B25,B17:B25<>""""),"""")))"),"2430-R, 2431-R, 2432-R, 2444-R, 2445-R, 2446-R") -> 2430-R, 2431-R, 2432-R, 2444-R, 2445-R, 2446-R

Sheet AECN Truck
A1: BATCH HEADER — AECN Truck (Direct from Fort Lupton)
A2: Batch ID (INJ-YYYY-WXX) | B2: INJ-09-2026-W1 | K2: Constants
A3: Week Start (Sat) | B3: 46263 | K3: Lbs/Kg | L3: 2.20462
A4: Week End (Sat) | B4: 46270 | K4: Kg/Lbs | L4: 0.453592
K5: Sparging Mass Loss | L5: 0.0129
K6: pH range (target) | L6: 2.0 - 4.0
K7: Filtration Solids Content | L7: 0.00196
A8: SECTION 1 - DELIVERIES LEDGER (one row per direct truck; BOL & scale ticket on same row)
A9: Date | B9: BOL # / SO # | C9: BOL Mass (MT) | D9: BOL Mass (kg) | E9: Scale Full (lb) | F9: Scale Empty (lb) | G9: Cargo (kg) | H9: pH | I9: Notes | J9: Sparging Loss (kg) | K9: Filtration Loss (kg) | L9: MOBI (kg) | M9: C Content | N9: EE Miles
A10: 46262 | B10: =HYPERLINK("https://drive.google.com/file/d/1fbBNoHCORi45PyQrJw48xrvh4BgwgekZ/view","2481-T") -> 2481-T | C10: 19.98 | D10: =IF(C10="","",C10*1000) -> 19980 | G10: =IF(AND(E10<>"",F10<>""),(E10-F10)*$L$4,"") | J10: =IF(D10="","",D10*$L$5) -> 257.742 | K10: =IF(D10="","",(D10-J10)*$L$7) -> 38.655626 | L10: =IF(D10="","",D10-J10-K10) -> 19683.602 | M10: 0.504 | N10: 2197
A11: 46265 | B11: =HYPERLINK("https://drive.google.com/file/d/1xUvAg7VmARJGCElJzr9JD7encByoNZlB/view","2484-T") -> 2484-T | C11: 20.03 | D11: =IF(C11="","",C11*1000) -> 20030 | G11: =IF(AND(E11<>"",F11<>""),(E11-F11)*$L$4,"") | J11: =IF(D11="","",D11*$L$5) -> 258.387 | K11: =IF(D11="","",(D11-J11)*$L$7) -> 38.752361 | L11: =IF(D11="","",D11-J11-K11) -> 19732.861 | M11: 0.504 | N11: 2197
A12: 46262 | B12: =HYPERLINK("https://drive.google.com/file/d/1cd-Uvz7CxeDJALItrCOfMZVCJXH6mfVF/view","2485-T") -> 2485-T | C12: 20.04 | D12: =IF(C12="","",C12*1000) -> 20040 | G12: =IF(AND(E12<>"",F12<>""),(E12-F12)*$L$4,"") | J12: =IF(D12="","",D12*$L$5) -> 258.516 | K12: =IF(D12="","",(D12-J12)*$L$7) -> 38.771709 | L12: =IF(D12="","",D12-J12-K12) -> 19742.712 | M12: 0.504 | N12: 2197
A13: 46267 | B13: =HYPERLINK("https://drive.google.com/file/d/1xkxQc8johc4dh4T5fJ6xEm3HtZ7PRaZ1/view","2486-T") -> 2486-T | C13: 19.92 | D13: =IF(C13="","",C13*1000) -> 19920 | G13: =IF(AND(E13<>"",F13<>""),(E13-F13)*$L$4,"") | J13: =IF(D13="","",D13*$L$5) -> 256.968 | K13: =IF(D13="","",(D13-J13)*$L$7) -> 38.539543 | L13: =IF(D13="","",D13-J13-K13) -> 19624.492 | M13: 0.504 | N13: 2197
A14: 46263 | B14: =HYPERLINK("https://drive.google.com/file/d/1APBDf3mxzsPxltg3UvC9COM9xQ1kBG1G/view","2487-T") -> 2487-T | C14: 19.82 | D14: =IF(C14="","",C14*1000) -> 19820 | G14: =IF(AND(E14<>"",F14<>""),(E14-F14)*$L$4,"") | J14: =IF(D14="","",D14*$L$5) -> 255.678 | K14: =IF(D14="","",(D14-J14)*$L$7) -> 38.346071 | L14: =IF(D14="","",D14-J14-K14) -> 19525.976 | M14: 0.504 | N14: 2197
A15: 46267 | B15: =HYPERLINK("https://drive.google.com/file/d/1XiJX799OTZrJU2iSJOTt2IyrD6tGpEW8/view","2488-T") -> 2488-T | C15: 19.22 | D15: =IF(C15="","",C15*1000) -> 19220 | G15: =IF(AND(E15<>"",F15<>""),(E15-F15)*$L$4,"") | J15: =IF(D15="","",D15*$L$5) -> 247.938 | K15: =IF(D15="","",(D15-J15)*$L$7) -> 37.185242 | L15: =IF(D15="","",D15-J15-K15) -> 18934.877 | M15: 0.504 | N15: 2197
A16: 46267 | B16: =HYPERLINK("https://drive.google.com/file/d/19lTFJGKL-SjLFJNTKY8yTvB9FfscEQZQ/view","2489-T") -> 2489-T | C16: 19.87 | D16: =IF(C16="","",C16*1000) -> 19870 | G16: =IF(AND(E16<>"",F16<>""),(E16-F16)*$L$4,"") | J16: =IF(D16="","",D16*$L$5) -> 256.323 | K16: =IF(D16="","",(D16-J16)*$L$7) -> 38.442807 | L16: =IF(D16="","",D16-J16-K16) -> 19575.234 | M16: 0.504 | N16: 2197
A17: 46267 | B17: =HYPERLINK("https://drive.google.com/file/d/1ELwB0qCGfTUO26TzgLIsiZy7DX8u6cXI/view","2490-T") -> 2490-T | C17: 19.86 | D17: =IF(C17="","",C17*1000) -> 19860 | G17: =IF(AND(E17<>"",F17<>""),(E17-F17)*$L$4,"") | J17: =IF(D17="","",D17*$L$5) -> 256.194 | K17: =IF(D17="","",(D17-J17)*$L$7) -> 38.42346 | L17: =IF(D17="","",D17-J17-K17) -> 19565.383 | M17: 0.504 | N17: 2197
A18: 46267 | B18: =HYPERLINK("https://drive.google.com/file/d/191iaPmbGJiVdr_L4E-M1cAIczG5BvzVL/view","2491-T") -> 2491-T | C18: 19.92 | D18: =IF(C18="","",C18*1000) -> 19920 | G18: =IF(AND(E18<>"",F18<>""),(E18-F18)*$L$4,"") | J18: =IF(D18="","",D18*$L$5) -> 256.968 | K18: =IF(D18="","",(D18-J18)*$L$7) -> 38.539543 | L18: =IF(D18="","",D18-J18-K18) -> 19624.492 | M18: 0.504 | N18: 2197
A19: 46265 | B19: =HYPERLINK("https://drive.google.com/file/d/1TzEj5vflEwY_D_iYJInhSrFPov2l_RkP/view","2492-T") -> 2492-T | C19: 20.17 | D19: =IF(C19="","",C19*1000) -> 20170 | G19: =IF(AND(E19<>"",F19<>""),(E19-F19)*$L$4,"") | J19: =IF(D19="","",D19*$L$5) -> 260.193 | K19: =IF(D19="","",(D19-J19)*$L$7) -> 39.023222 | L19: =IF(D19="","",D19-J19-K19) -> 19870.784 | M19: 0.504 | N19: 2197
A20: 46265 | B20: =HYPERLINK("https://drive.google.com/file/d/1bYt02sn2j5EZfn1ZPAm8eMxVjivuv6U6/view","2493-T") -> 2493-T | C20: 19.32 | D20: =IF(C20="","",C20*1000) -> 19320 | G20: =IF(AND(E20<>"",F20<>""),(E20-F20)*$L$4,"") | J20: =IF(D20="","",D20*$L$5) -> 249.228 | K20: =IF(D20="","",(D20-J20)*$L$7) -> 37.378713 | L20: =IF(D20="","",D20-J20-K20) -> 19033.393 | M20: 0.504 | N20: 2197
A21: 46266 | B21: =HYPERLINK("https://drive.google.com/file/d/1re8INIKz3cECx28LPoSU7h_hjVWGB9Cq/view","2494-T") -> 2494-T | C21: 19.88 | D21: =IF(C21="","",C21*1000) -> 19880 | G21: =IF(AND(E21<>"",F21<>""),(E21-F21)*$L$4,"") | J21: =IF(D21="","",D21*$L$5) -> 256.452 | K21: =IF(D21="","",(D21-J21)*$L$7) -> 38.462154 | L21: =IF(D21="","",D21-J21-K21) -> 19585.086 | M21: 0.504 | N21: 2197
A22: 46268 | B22: =HYPERLINK("https://drive.google.com/file/d/1w10JWWfxG-ocjO30cVGUeRhf9Mqerinl/view","2495-T") -> 2495-T | C22: 19.99 | D22: =IF(C22="","",C22*1000) -> 19990 | G22: =IF(AND(E22<>"",F22<>""),(E22-F22)*$L$4,"") | J22: =IF(D22="","",D22*$L$5) -> 257.871 | K22: =IF(D22="","",(D22-J22)*$L$7) -> 38.674973 | L22: =IF(D22="","",D22-J22-K22) -> 19693.454 | M22: 0.504 | N22: 2197
A23: 46269 | B23: =HYPERLINK("https://drive.google.com/file/d/1zcCpdDAYVdNkm5jMzP1rbPhq36hE9cjm/view","2496-T") -> 2496-T | C23: 19.77 | D23: =IF(C23="","",C23*1000) -> 19770 | G23: =IF(AND(E23<>"",F23<>""),(E23-F23)*$L$4,"") | J23: =IF(D23="","",D23*$L$5) -> 255.033 | K23: =IF(D23="","",(D23-J23)*$L$7) -> 38.249335 | L23: =IF(D23="","",D23-J23-K23) -> 19476.718 | M23: 0.504 | N23: 2197
J24: =IF(D24="","",D24*$L$5) | K24: =IF(D24="","",(D24-J24)*$L$7) | L24: =IF(D24="","",D24-J24-K24)
N25: =sum(N10:N23) -> 30758
A26: SECTION 2 - ROLLUP (Mass Used = Σ BOL kg; scale tickets no longer required for direct trucks per 2026-05-26)
A27: Σ BOL (kg) | B27: Σ Cargo (kg) | C27: Mass Used (kg) | D27: Sparging Loss (kg) | E27: Filtration Loss (kg) | F27: Uncertainty Adjustment (kg) | G27: MOBI (kg) | H27: pH | I27: C Content (MOBI-wtd) | K27: Origins list (BOLs)
A28: =SUMIFS(D10:D24,B10:B24,"<>") -> 277790 | B28: =SUMIFS(G10:G24,B10:B24,"<>") -> 0 | C28: =A28 -> 277790 | D28: =C28*$L$5 -> 3583.491 | E28: =(C28-D28)*$L$7 -> 537.44476 | F28: 0 | G28: =C28-D28-E28-F28 -> 273669.06 | H28: =IFERROR(AVERAGE(H10:H24),"") | I28: =IFERROR(SUMPRODUCT(L10:L24,M10:M24)/SUM(L10:L24),"") -> 0.504 | K28: =IFERROR(__xludf.DUMMYFUNCTION("TRIM(TEXTJOIN("", "",TRUE,IFERROR(FILTER(B10:B24,B10:B24<>""""),"""")))"),"2481-T, 2484-T, 2485-T, 2486-T, 2487-T, 2488-T, 2489-T, 2490-T, 2491-T, 2492-T, 2493-T, 2494-T, 2495-T, 2496-T") -> 2481-T, 2484-T, 2485-T, 2486-T, 2487-T, 2488-T, 2489-T, 2490-T, 2491-T, 2492-T, 2493-T, 2494-T, 2495-T, 2496-T

Sheet WODO
A1: BATCH HEADER — Charm WODO (IBC Totes)
A2: Batch ID (INJ-YYYY-WXX) | B2: INJ-09-2026-W1 | K2: Constants
A3: Week Start (Sat) | B3: 46263 | K3: Lbs/Kg | L3: 2.20462
A4: Week End (Sat) | B4: 46270 | K4: Kg/Lbs | L4: 0.453592
K5: Sparging Mass Loss | L5: 0.0129
K6: pH range (target) | L6: 2.0 - 4.0
K7: WODO 6-Mo CI (kg CO2e/kg), Jul-Dec 2026 | L7: 0.795241
A8: SECTION 1 - IBC LEDGER (one row per IBC tote; tote tag mass is authoritative) | K8: WODO Standard Loss (kg/tote), 2026 = Mean + 1 SD | L8: 7.84 | M8: =HYPERLINK("https://docs.google.com/spreadsheets/d/15fnYOYMmu-7a-p8Alst6mAOsV7X854y6HBDYwQRUm5s/edit","Tote Loss Dataset") -> Tote Loss Dataset
B9: Transport Emissions | D9: Pyrolysis Emissions Mass & Standard Loss | F9: MOBI | K9: Per-Production-Month CI (kg CO2e/kg) - PP Summary Output Type table, col T
A10: Tag | B10: Gross Mass (kg) | C10: Tote Mass (kg) | D10: Net Oil Produced (kg) | E10: Standard Loss (kg) | F10: Net Oil Injected (kg) | G10: Production Period | H10: Carbon Intensity | I10: Production Emissions | J10: Scale Uncertainty | K10: PP#8 | L10: 0.71282902 | M10: =HYPERLINK("https://docs.google.com/spreadsheets/d/1L167k_JS3mnisFy3VpS-OXgI8U0cK-4nC6A9sxl-ozk/edit","PP Summary") -> PP Summary
A11: 300055 | B11: 1165 | C11: 57.6 | D11: =B11-C11 -> 1107.4 | E11: =$L$8 -> 7.84 | F11: =D11-E11 -> 1099.56 | G11: MFO Lot 4692 (LOT00004692), February 2026 | H11: =$L$14 -> 0.84989612 | I11: =IF(H11="","",H11*D11) -> 941.17497 | J11: =2.5*$L$4 -> 1.13398 | K11: November 2025 | L11: 0.97484085 | M11: =HYPERLINK("https://docs.google.com/spreadsheets/d/1W8jWu3sp39WnSuds1Ja0FWDG5UuWN9v5NUmF6yh_WbI/edit","PP Summary") -> PP Summary
A12: 301072 | B12: 1135 | C12: 57.6 | D12: =B12-C12 -> 1077.4 | E12: =$L$8 -> 7.84 | F12: =D12-E12 -> 1069.56 | G12: MFO Lot 301072 (LOT00301072), March 2026 | H12: =$L$15 -> 0.79006453 | I12: =IF(H12="","",H12*D12) -> 851.21553 | J12: =2.5*$L$4 -> 1.13398 | K12: December 2025 | L12: 0.97218282 | M12: =HYPERLINK("https://docs.google.com/spreadsheets/d/1-L6m2wYknC3o-yIts9KK7FrYAb5lZIv4AwaizK8FbMc/edit","PP Summary") -> PP Summary
A13: 301076 | B13: 1111 | C13: 57.6 | D13: =B13-C13 -> 1053.4 | E13: =$L$8 -> 7.84 | F13: =D13-E13 -> 1045.56 | G13: MFO Lot 301076 (LOT00301076), March 2026 | H13: =$L$15 -> 0.79006453 | I13: =IF(H13="","",H13*D13) -> 832.25398 | J13: =2.5*$L$4 -> 1.13398 | K13: January 2026 | L13: 0.93199449 | M13: =HYPERLINK("https://docs.google.com/spreadsheets/d/1bPZ7pNsR5rv-om-BypF4lK3nczjn4HJNO2dzimwnx7E/edit","PP Summary") -> PP Summary
A14: 301095 | B14: 1150 | C14: 57.6 | D14: =B14-C14 -> 1092.4 | E14: =$L$8 -> 7.84 | F14: =D14-E14 -> 1084.56 | G14: MFO Lot 301095 (LOT00301095), March 2026 | H14: =$L$15 -> 0.79006453 | I14: =IF(H14="","",H14*D14) -> 863.0665 | J14: =2.5*$L$4 -> 1.13398 | K14: February 2026 | L14: 0.84989612 | M14: =HYPERLINK("https://docs.google.com/spreadsheets/d/1vH7bborVnc-TCby3wEkpzi7GGMOI5jMJooEW0V-rOQ4/edit","PP Summary") -> PP Summary
A15: 301097 | B15: 1140 | C15: 57.6 | D15: =B15-C15 -> 1082.4 | E15: =$L$8 -> 7.84 | F15: =D15-E15 -> 1074.56 | G15: MFO Lot 301097 (LOT00301097), March 2026 | H15: =$L$15 -> 0.79006453 | I15: =IF(H15="","",H15*D15) -> 855.16585 | J15: =2.5*$L$4 -> 1.13398 | K15: March 2026 | L15: 0.79006453 | M15: =HYPERLINK("https://docs.google.com/spreadsheets/d/1O7y30opa_u1_deqFm_w2qgVyxi_75X00xnzKuyVyh6o/edit","PP Summary") -> PP Summary
A16: 301140 | B16: 1138 | C16: 57.6 | D16: =B16-C16 -> 1080.4 | E16: =$L$8 -> 7.84 | F16: =D16-E16 -> 1072.56 | G16: MFO Lot 301140 (LOT00301140), May 2026 | H16: =$L$17 -> 0.63284589 | I16: =IF(H16="","",H16*D16) -> 683.7267 | J16: =2.5*$L$4 -> 1.13398 | K16: April 2026 | L16: 0.78483234 | M16: =HYPERLINK("https://docs.google.com/spreadsheets/d/10Qwx7K6sUcOBrCebGUGVaVeLQnhzvcT8sHQ0Sy3VBBM/edit","PP Summary") -> PP Summary
A17: 301143 | B17: 1179 | C17: 57.6 | D17: =B17-C17 -> 1121.4 | E17: =$L$8 -> 7.84 | F17: =D17-E17 -> 1113.56 | G17: MFO Lot 301143 (LOT00301143), May 2026 | H17: =$L$17 -> 0.63284589 | I17: =IF(H17="","",H17*D17) -> 709.67338 | J17: =2.5*$L$4 -> 1.13398 | K17: May 2026 | L17: 0.63284589 | M17: =HYPERLINK("https://docs.google.com/spreadsheets/d/1m66t1jsLGc4e6AWnCFMsFbkSceZ9IYC_-bfTsbP_OYc/edit","PP Summary") -> PP Summary
A18: 301165 | B18: 1220 | C18: 57.6 | D18: =B18-C18 -> 1162.4 | E18: =$L$8 -> 7.84 | F18: =D18-E18 -> 1154.56 | G18: MFO Lot 301165 (LOT00301165), May 2026 | H18: =$L$17 -> 0.63284589 | I18: =IF(H18="","",H18*D18) -> 735.62006 | J18: =2.5*$L$4 -> 1.13398 | K18: June 2026 | L18: 1.1105356 | M18: =HYPERLINK("https://docs.google.com/spreadsheets/d/1MUQajDI2a_Cn9xWGPP7z4PhhphZnfl2_CSTnpB07Wgk/edit","PP Summary") -> PP Summary
A19: 301181 | B19: 1183 | C19: 57.6 | D19: =B19-C19 -> 1125.4 | E19: =$L$8 -> 7.84 | F19: =D19-E19 -> 1117.56 | G19: MFO Lot 301181 (LOT00301181), May 2026 | H19: =$L$17 -> 0.63284589 | I19: =IF(H19="","",H19*D19) -> 712.20476 | J19: =2.5*$L$4 -> 1.13398 | K19: July 2026 and later (Jan-Jun 2026 rolling) | L19: =$L$7 -> 0.795241 | M19: V2_Charm_BioOil_Mass_Weighted_CI_Jan-Jun_2026.xlsx
A20: 301190 | B20: 1194 | C20: 57.6 | D20: =B20-C20 -> 1136.4 | E20: =$L$8 -> 7.84 | F20: =D20-E20 -> 1128.56 | G20: MFO Lot 301190 (LOT00301190), May 2026 | H20: =$L$17 -> 0.63284589 | I20: =IF(H20="","",H20*D20) -> 719.16607 | J20: =2.5*$L$4 -> 1.13398
A21: 301197 | B21: 1158 | C21: 57.6 | D21: =B21-C21 -> 1100.4 | E21: =$L$8 -> 7.84 | F21: =D21-E21 -> 1092.56 | G21: MFO Lot 301197 (LOT00301197), May 2026 | H21: =$L$17 -> 0.63284589 | I21: =IF(H21="","",H21*D21) -> 696.38362 | J21: =2.5*$L$4 -> 1.13398
A22: 301257 | B22: 1115 | C22: 57.6 | D22: =B22-C22 -> 1057.4 | E22: =$L$8 -> 7.84 | F22: =D22-E22 -> 1049.56 | G22: MFO Lot 301257 (LOT00301257), July 2026 | H22: =$L$19 -> 0.795241 | I22: =IF(H22="","",H22*D22) -> 840.88783 | J22: =2.5*$L$4 -> 1.13398
A23: 301302 | B23: 1038 | C23: 57.6 | D23: =B23-C23 -> 980.4 | E23: =$L$8 -> 7.84 | F23: =D23-E23 -> 972.56 | G23: MFO Lot 301302 (LOT00301302), July 2026 | H23: =$L$19 -> 0.795241 | I23: =IF(H23="","",H23*D23) -> 779.65428 | J23: =2.5*$L$4 -> 1.13398
A25: TOTAL | B25: =SUM(B11:B23) -> 14926 | C25: =SUM(C11:C23) -> 748.8 | D25: =SUM(D11:D23) -> 14177.2 | E25: =SUM(E11:E23) -> 101.92 | F25: =SUM(F11:F23) -> 14075.28 | H25: =I25/D25 -> 0.72088942 | I25: =SUM(I11:I23) -> 10220.194 | J25: =SUM(J11:J23) -> 14.74174
A31: SECTION 2 - ROLLUP
A32: Transport Mass | B32: Σ Net Oil Produced (kg) | C32: Loss (kg) | D32: MOBI — Σ Net Oil Injected (kg)
A33: =B25 -> 14926 | B33: =SUM(D11:D23) -> 14177.2 | C33: =IF(D33=0,"",B33-D33) -> 101.92 | D33: =SUM(F11:F23) -> 14075.28

Sheet Kerry
A1: BATCH HEADER — Kerry (Calciner Waste Oil, IBC Totes)
A2: Batch ID (INJ-YYYY-WXX) | B2: INJ-09-2026-W1 | L2: Constants
A3: Week Start (Sat) | B3: 46263 | L3: Lbs/Kg | M3: 2.20462
A4: Week End (Sat) | B4: 46270 | L4: Kg/Lbs | M4: 0.453592
L5: Sparging Mass Loss | M5: 0.0129
L6: pH range (target) | M6: 2.0 - 4.0
L7: Testing Uncertainty | M7: 0.004
A8: SECTION 1 - IBC LEDGER (one row per Kerry tote; tote tag mass is authoritative)
A9: Date | B9: Tote Tag # | C9: Gross Mass (kg) — transport | D9: Tote Empty (kg) | E9: Net Oil (kg) — production | F9: Net Injected (kg) — MOBI | G9: pH | H9: Notes | I9: C Content | J9: C Content Uncertainty | K9: Mass Uncertainty (Scaling)
A31: SECTION 2 - ROLLUP
A32: Σ Net Injected (kg) | B32: Sparging Loss (kg) | C32: MOBI (kg) | D32: pH | E32: C Content (MOBI-wtd) | G32: Origins list (Tote tags)
A33: =SUMIFS(F10:F29,B10:B29,"<>") -> 0 | B33: =A33*$M$5 -> 0 | C33: =A33-B33 -> 0 | D33: =IFERROR(AVERAGE(G10:G29),"") | E33: =IFERROR(__xludf.DUMMYFUNCTION("IFERROR(AVERAGE.WEIGHTED(I10:I29,F10:F29),"""")"),"") | G33: =IFERROR(__xludf.DUMMYFUNCTION("TRIM(TEXTJOIN("", "",TRUE,IFERROR(FILTER(B10:B29,B10:B29<>""""),"""")))"),"")

Sheet QOWV
A1: BATCH HEADER — QOWV (Aqueous Bio-Oil, IBC Totes)
A2: Batch ID (INJ-YYYY-WXX) | B2: INJ-09-2026-W1 | K2: Constants
A3: Week Start (Sat) | B3: 46263 | K3: Lbs/Kg | L3: 2.20462
A4: Week End (Sat) | B4: 46270 | K4: Kg/Lbs | L4: 0.453592
K5: Sparging Mass Loss | L5: 0.0129
K6: pH range (target) | L6: 2.0 - 4.0
A8: SECTION 1 - IBC LEDGER (one row per QOWV tote; tote tag mass is authoritative)
B9: Transport Emissions | D9: Pyrolysis Emissions Mass | F9: MOBI
A10: Tag | B10: Gross Mass (kg) | C10: Tote Mass (kg) | D10: Net Oil Produced (kg) | E10: Empty Tote Weight (kg) | F10: Net Oil Injected (kg) | G10: Production Period | H10: Carbon Intensity | I10: Production Emissions | J10: Scale Uncertainty
D11: =B11-C11 -> 0 | F11: =B11-E11 -> 0 | H11: 0.15755534 | I11: =H11*D11 -> 0 | J11: =2.5*$L$4 -> 1.13398
D12: =B12-C12 -> 0 | F12: =B12-E12 -> 0 | H12: 0.15755534 | I12: =H12*D12 -> 0 | J12: =2.5*$L$4 -> 1.13398
D13: =B13-C13 -> 0 | F13: =B13-E13 -> 0 | H13: 0.15755534 | I13: =H13*D13 -> 0 | J13: =2.5*$L$4 -> 1.13398
D14: =B14-C14 -> 0 | F14: =B14-E14 -> 0 | H14: 0.15755534 | I14: =H14*D14 -> 0 | J14: =2.5*$L$4 -> 1.13398
D15: =B15-C15 -> 0 | F15: =B15-E15 -> 0 | H15: 0.15755534 | I15: =H15*D15 -> 0 | J15: =2.5*$L$4 -> 1.13398
D16: =B16-C16 -> 0 | F16: =B16-E16 -> 0 | H16: 0.15755534 | I16: =H16*D16 -> 0 | J16: =2.5*$L$4 -> 1.13398
D17: =B17-C17 -> 0 | F17: =B17-E17 -> 0 | H17: 0.15755534 | I17: =H17*D17 -> 0 | J17: =2.5*$L$4 -> 1.13398
D18: =B18-C18 -> 0 | F18: =B18-E18 -> 0 | H18: 0.15755534 | I18: =H18*D18 -> 0 | J18: =2.5*$L$4 -> 1.13398
D19: =B19-C19 -> 0 | F19: =B19-E19 -> 0 | H19: 0.15755534 | I19: =H19*D19 -> 0 | J19: =2.5*$L$4 -> 1.13398
D20: =B20-C20 -> 0 | F20: =B20-E20 -> 0 | H20: 0.15755534 | I20: =H20*D20 -> 0 | J20: =2.5*$L$4 -> 1.13398
D21: =B21-C21 -> 0 | F21: =B21-E21 -> 0 | H21: 0.15755534 | I21: =H21*D21 -> 0 | J21: =2.5*$L$4 -> 1.13398
D22: =B22-C22 -> 0 | F22: =B22-E22 -> 0 | H22: 0.15755534 | I22: =H22*D22 -> 0 | J22: =2.5*$L$4 -> 1.13398
... D51: =B51-C51 -> 0 | F51: =B51-E51 -> 0 | H51: 0.11101762 | I51: =H51*D51 -> 0 | J51: =2.5*$L$4 -> 1.13398
G52: =IF(AND(D52<>"",F52<>""),(D52-F52)*$L$4,"") | H52: =IF(G52="","",G52*(1-$L$5))
B53: =SUM(B10:B51) -> 0 | D53: =SUM(D10:D51) -> 0 | F53: =SUM(F9:F51) -> 0 | H53: =SUMPRODUCT(D11:D51,H11:H51)/SUM(D11:D51) -> #DIV/0! | I53: =sum(I11:I51) -> 0 | J53: =SUM(J9:J51) -> 46.49318
G54: =IF(AND(D54<>"",F54<>""),(D54-F54)*$L$4,"") | H54: =IF(G54="","",G54*(1-$L$5))
G55: =IF(AND(D55<>"",F55<>""),(D55-F55)*$L$4,"") | H55: =IF(G55="","",G55*(1-$L$5))
G56: =IF(AND(D56<>"",F56<>""),(D56-F56)*$L$4,"") | H56: =IF(G56="","",G56*(1-$L$5))
G57: =IF(AND(D57<>"",F57<>""),(D57-F57)*$L$4,"") | H57: =IF(G57="","",G57*(1-$L$5))
G58: =IF(AND(D58<>"",F58<>""),(D58-F58)*$L$4,"") | H58: =IF(G58="","",G58*(1-$L$5))
G59: =IF(AND(D59<>"",F59<>""),(D59-F59)*$L$4,"") | H59: =IF(G59="","",G59*(1-$L$5))
G60: =IF(AND(D60<>"",F60<>""),(D60-F60)*$L$4,"") | H60: =IF(G60="","",G60*(1-$L$5))
G61: =IF(AND(D61<>"",F61<>""),(D61-F61)*$L$4,"") | H61: =IF(G61="","",G61*(1-$L$5))
G62: =IF(AND(D62<>"",F62<>""),(D62-F62)*$L$4,"") | H62: =IF(G62="","",G62*(1-$L$5))
G63: =IF(AND(D63<>"",F63<>""),(D63-F63)*$L$4,"") | H63: =IF(G63="","",G63*(1-$L$5))
G64: =IF(AND(D64<>"",F64<>""),(D64-F64)*$L$4,"") | H64: =IF(G64="","",G64*(1-$L$5))
G65: =IF(AND(D65<>"",F65<>""),(D65-F65)*$L$4,"") | H65: =IF(G65="","",G65*(1-$L$5))
... G73: =IF(AND(D73<>"",F73<>""),(D73-F73)*$L$4,"") | H73: =IF(G73="","",G73*(1-$L$5))

Sheet Whole Oil
A1: BATCH HEADER — Whole Oil (IBC Totes)
A2: Batch ID (INJ-YYYY-WXX) | B2: INJ-09-2026-W1 | K2: Constants
A3: Week Start (Sat) | B3: 46263 | K3: Lbs/Kg | L3: 2.20462
A4: Week End (Sat) | B4: 46270 | K4: Kg/Lbs | L4: 0.453592
K5: Sparging Mass Loss | L5: 0.0129
K6: pH range (target) | L6: 2.0 - 4.0
K7: WODO 6-Mo CI (kg CO2e/kg), Jul-Dec 2026 — BORROWED for Whole Oil (no DC Whole Oil CI yet) | L7: 0.795241
A8: SECTION 1 - IBC LEDGER (one row per IBC tote; tote tag mass is authoritative)
B9: Transport Emissions | D9: Pyrolysis Emissions Mass | F9: MOBI | K9: Per-Production-Month CI (kg CO2e/kg) - PP Summary Output Type table, col T
A10: Tag | B10: Gross Mass (kg) | C10: Tote Mass (kg) | D10: Net Oil Produced (kg) | E10: Empty Tote Weight (kg) | F10: Net Oil Injected (kg) | G10: Production Period | H10: Carbon Intensity | I10: Production Emissions | J10: Scale Uncertainty | K10: PP#8 | L10: 0.71282902 | M10: =HYPERLINK("https://docs.google.com/spreadsheets/d/1L167k_JS3mnisFy3VpS-OXgI8U0cK-4nC6A9sxl-ozk/edit","PP Summary") -> PP Summary
A11: 301310 | B11: 1173 | C11: 57.6 | D11: =B11-C11 -> 1115.4 | E11: 69 | F11: =B11-E11 -> 1104 | G11: MFO Lot 301310 (LOT00301310), August 2026 | H11: =$L$19 -> 0.795241 | I11: =IF(H11="","",H11*D11) -> 887.01181 | J11: =2.5*$L$4 -> 1.13398 | K11: November 2025 | L11: 0.97484085 | M11: =HYPERLINK("https://docs.google.com/spreadsheets/d/1W8jWu3sp39WnSuds1Ja0FWDG5UuWN9v5NUmF6yh_WbI/edit","PP Summary") -> PP Summary
K12: December 2025 | L12: 0.97218282 | M12: =HYPERLINK("https://docs.google.com/spreadsheets/d/1-L6m2wYknC3o-yIts9KK7FrYAb5lZIv4AwaizK8FbMc/edit","PP Summary") -> PP Summary
K13: January 2026 | L13: 0.93199449 | M13: =HYPERLINK("https://docs.google.com/spreadsheets/d/1bPZ7pNsR5rv-om-BypF4lK3nczjn4HJNO2dzimwnx7E/edit","PP Summary") -> PP Summary
K14: February 2026 | L14: 0.84989612 | M14: =HYPERLINK("https://docs.google.com/spreadsheets/d/1vH7bborVnc-TCby3wEkpzi7GGMOI5jMJooEW0V-rOQ4/edit","PP Summary") -> PP Summary
K15: March 2026 | L15: 0.79006453 | M15: =HYPERLINK("https://docs.google.com/spreadsheets/d/1O7y30opa_u1_deqFm_w2qgVyxi_75X00xnzKuyVyh6o/edit","PP Summary") -> PP Summary
K16: April 2026 | L16: 0.78483234 | M16: =HYPERLINK("https://docs.google.com/spreadsheets/d/10Qwx7K6sUcOBrCebGUGVaVeLQnhzvcT8sHQ0Sy3VBBM/edit","PP Summary") -> PP Summary
K17: May 2026 | L17: 0.63284589 | M17: =HYPERLINK("https://docs.google.com/spreadsheets/d/1m66t1jsLGc4e6AWnCFMsFbkSceZ9IYC_-bfTsbP_OYc/edit","PP Summary") -> PP Summary
K18: June 2026 | L18: 1.1105356 | M18: =HYPERLINK("https://docs.google.com/spreadsheets/d/1MUQajDI2a_Cn9xWGPP7z4PhhphZnfl2_CSTnpB07Wgk/edit","PP Summary") -> PP Summary
K19: July 2026 and later (Jan-Jun 2026 rolling) | L19: =$L$7 -> 0.795241
A25: TOTAL | B25: =SUM(B11:B23) -> 1173 | C25: =SUM(C11:C23) -> 57.6 | D25: =SUM(D11:D23) -> 1115.4 | E25: =SUM(E11:E23) -> 69 | F25: =SUM(F11:F23) -> 1104 | H25: =I25/D25 -> 0.795241 | I25: =SUM(I11:I23) -> 887.01181 | J25: =SUM(J11:J23) -> 1.13398
A31: SECTION 2 - ROLLUP
A32: Transport Mass | B32: Σ Net Oil Produced (kg) | C32: Loss (kg) | D32: MOBI — Σ Net Oil Injected (kg)
A33: =B25 -> 1173 | B33: =SUM(D11:D23) -> 1115.4 | C33: =IF(D33=0,"",B33-D33) -> 11.4 | D33: =SUM(F11:F23) -> 1104

Sheet QOWV Shipments & EE Allocation
A1: INJ-09-2026-W1 - QOWV Shipments & EE Mileage Allocation
A4: BATCH SUMMARY
A5: Batch | B5: Fraction | C5: Inj. Week | D5: # Totes | E5: Ship Date(s)
A6: INJ-09-2026-W1 | B6: QOWV | C6: 2026-08-29 to 2026-09-05 | D6: 0 | E6: none (zero QOWV/aqueous_fraction rows in COBB this window)
A56: --- Shipment 2025-12-10 --- (14 of 35 totes on this truck are W4-relevant)
A57: Metal Tag | B57: Fraction | C57: Production Period | D57: Date Loaded | E57: Batch
A58: 228427 | B58: QOWV | C58: October 2025 | D58: 46001 | E58: INJ-05-2026-W4
A59: 228408 | B59: QOWV | C59: September 2025 | D59: 46001 | E59: INJ-05-2026-W4
A60: 228465 | B60: QOWV | C60: October 2025 | D60: 46001 | E60: INJ-05-2026-W4
A61: 228496 | B61: QOWV | C61: October 2025 | D61: 46001 | E61: INJ-05-2026-W4
A62: 228431 | B62: QOWV | C62: October 2025 | D62: 46001 | E62: INJ-05-2026-W4
A63: 228455 | B63: QOWV | C63: October 2025 | D63: 46001 | E63: INJ-05-2026-W4
A64: 228458 | B64: QOWV | C64: October 2025 | D64: 46001 | E64: INJ-05-2026-W4
A65: 228422 | B65: QOWV | C65: October 2025 | D65: 46001 | E65: INJ-05-2026-W4
A66: 228466 | B66: QOWV | C66: October 2025 | D66: 46001 | E66: INJ-05-2026-W4
A67: 228462 | B67: QOWV | C67: October 2025 | D67: 46001 | E67: INJ-05-2026-W4
A68: 228494 | B68: QOWV | C68: October 2025 | D68: 46001 | E68: INJ-05-2026-W4
A69: 228438 | B69: QOWV | C69: October 2025 | D69: 46001 | E69: INJ-05-2026-W4
... A71: 228476 | B71: QOWV | C71: October 2025 | D71: 46001 | E71: INJ-05-2026-W4

Sheet WODO Shipments & EE Allocation
A1: INJ-09-2026-W1 - WODO Shipments & EE Mileage
A4: BATCH SUMMARY
A5: Batch | B5: Fraction | C5: Inj. Week | D5: # Totes | E5: Shipping Orders (relevant totes)
A6: INJ-09-2026-W1 | B6: WODO | C6: 2026-08-29 to 2026-09-05 | D6: =COUNTA(WODO!A11:A23) -> 13 | E6: 1 shipping order(s) direct CO->LA: COLA_35 = 13 of 20 totes on the truck (the other 7 are QOWV, not in this batch). Tier-1 resolution: Ship Status on Q4 2025-2026 Production Inventory Master.
A8: Charm CO -> Basco LA distance (one-way mi) | B8: 1201
A10: EE ALLOCATION TABLE
A11: Truck (shipping order) | B11: Ship Date | C11: Total Totes on Truck | D11: Batch-Relevant Totes | E11: Batch Share of Truck | F11: Mileage (one-way) | G11: Allocated Miles
A12: COLA_35 | B12: 46266 | C12: 20 | D12: =$D$6 -> 13 | E12: =IFERROR(D12/C12,"") -> 0.65 | F12: =$B$8 -> 1201 | G12: =IFERROR(E12*F12,"") -> 780.65
A14: TOTAL | C14: =SUM(C12:C13) -> 20 | D14: =SUM(D12:D13) -> 13 | G14: =SUM(G12:G13) -> 780.65
A16: Check - every batch tote is allocated to a truck | B16: =IF($D$14=$D$6,"OK","MISMATCH") -> OK

Sheet Whole Oil Shipments & EE Alloca
A1: INJ-09-2026-W1 - Whole Oil Shipments & EE Mileage
A4: BATCH SUMMARY
A5: Batch | B5: Fraction | C5: Inj. Week | D5: # Totes | E5: Shipping Orders (relevant totes)
A6: INJ-09-2026-W1 | B6: Whole Oil | C6: 2026-08-29 to 2026-09-05 | D6: =COUNTA('Whole Oil'!A11:A23) -> 1 | E6: 1 shipping order(s) direct CO->LA: COLA_32 = 1 of 18 totes on the truck (the other 17 are BGN QOWV, not in this batch). Tier-1 resolution: Ship Status on Q4 2025-2026 Production Inventory Master.
A8: Charm CO -> Basco LA distance (one-way mi) | B8: 1201
A10: EE ALLOCATION TABLE
A11: Truck (shipping order) | B11: Ship Date | C11: Total Totes on Truck | D11: Batch-Relevant Totes | E11: Batch Share of Truck | F11: Mileage (one-way) | G11: Allocated Miles
A12: COLA_32 | B12: 46254 | C12: 18 | D12: =$D$6 -> 1 | E12: =IFERROR(D12/C12,"") -> 0.055555556 | F12: =$B$8 -> 1201 | G12: =IFERROR(E12*F12,"") -> 66.722222
A14: TOTAL | C14: =SUM(C12:C13) -> 18 | D14: =SUM(D12:D13) -> 1 | G14: =SUM(G12:G13) -> 66.722222
A16: Check - every batch tote is allocated to a truck | B16: =IF($D$14=$D$6,"OK","MISMATCH") -> OK
