Workbook

Sheet Stats & Charts
A1: Isometric Findings Log – Summary Stats & Analysis
A2: Source: isometric-log-of-issues | Findings ISS-16 through ISS-30 | Generated 2026-04-27
A4: Total findings | B4: Legitimate | C4: Misunderstanding | D4: Pending FAR | E4: % Legitimate | F4: Recurring causes (≥2 hits)
A5: =COUNTA(Data!A2:A15) -> 14 | B5: =COUNTIF(Data!D2:D15,"Legitimate") -> 9 | C5: =COUNTIF(Data!D2:D15,"Misunderstanding") -> 4 | D5: =COUNTIF(Data!D2:D15,"Pending FAR") -> 1 | E5: =COUNTIF(Data!D2:D15,"Legitimate")/COUNTA(Data!A2:A15) -> 0.64285714 | F5: =COUNTIF(D40:D45,"YES") -> 2
A7: 1. Findings classification (each finding bucketed)
A8: Code | B8: Type | C8: Bucket | D8: Root cause group | E8: Post-mortem cause (summary)
A9: ISS-30 | B9: Omission | C9: Misunderstanding | D9: 350 misunderstanding | E9: Erroneous -- 350 misunderstanding (LDENR monthly report not required)
A10: ISS-29 | B10: Clarification Request | C10: Misunderstanding | D10: 350 misunderstanding | E10: Erroneous -- 350 misunderstanding (mass discrepancy / conservatism)
A11: ISS-27 | B11: Error | C11: Legitimate | D11: EF versioning | E11: Legitimate -- Deprecated EF version used (railcar embodied)
A12: ISS-26 | B12: Omission | C12: Legitimate | D12: Component evidence | E12: Legitimate -- Component evidence missing (methanol invoice/delivery)
A13: ISS-25 | B13: Omission | C13: Legitimate | D13: Component evidence | E13: Legitimate -- Source file corrupted/blank on Certify
A14: ISS-24 | B14: Error | C14: Legitimate | D14: EF versioning | E14: Legitimate -- Deprecated EF version (value mismatch vs source)
A15: ISS-23 | B15: Omission | C15: Legitimate | D15: Component evidence | E15: Legitimate -- Component evidence missing (gasoline tracker not uploaded)
A16: ISS-22 | B16: Error | C16: Legitimate | D16: BCU quant mismatch | E16: Legitimate -- BCU kg CO2e mismatch vs RP quant sheet (root cause TBD)
A17: ISS-21 | B17: Omission | C17: Legitimate | D17: New verifier requirement | E17: Sort of legitimate -- New verifier requirement (BCU tracking sheet upload)
A18: ISS-20 | B18: Clarification Request | C18: Misunderstanding | D18: 350 misunderstanding | E18: Erroneous -- 350 misunderstanding (AECN CI factor incl. uncertainty)
A19: ISS-19 | B19: Clarification Request | C19: Legitimate | D19: Multi-day batch transport leg | E19: Legitimate -- Missed extra transport leg (multi-day injection batch)
... A22: ISS-16 | B22: Clarification Request | C22: Legitimate | D22: Documentation/labeling human error | E22: Legitimate -- Human error: spreadsheet header not relabeled (GREET vs GLEC)
A24: 2. By finding type
A25: Type | B25: Count | C25: % of total
A26: Omission | B26: =COUNTIF(Data!B2:B15,"Omission") -> 6 | C26: =B26/COUNTA(Data!A2:A15) -> 0.42857143
A27: Error | B27: =COUNTIF(Data!B2:B15,"Error") -> 3 | C27: =B27/COUNTA(Data!A2:A15) -> 0.21428571
A28: Clarification Request | B28: =COUNTIF(Data!B2:B15,"Clarification Request") -> 5 | C28: =B28/COUNTA(Data!A2:A15) -> 0.35714286
A29: Total | B29: =SUM(B26:B28) -> 14 | C29: =SUM(C26:C28) -> 1
A31: 3. Legitimate vs misunderstanding
A32: Bucket | B32: Count | C32: % of total
A33: Legitimate | B33: =COUNTIF(Data!D2:D15,"Legitimate") -> 9 | C33: =B33/COUNTA(Data!A2:A15) -> 0.64285714
A34: Misunderstanding | B34: =COUNTIF(Data!D2:D15,"Misunderstanding") -> 4 | C34: =B34/COUNTA(Data!A2:A15) -> 0.28571429
A35: Pending FAR | B35: =COUNTIF(Data!D2:D15,"Pending FAR") -> 1 | C35: =B35/COUNTA(Data!A2:A15) -> 0.071428571
A36: Total | B36: =SUM(B33:B35) -> 14 | C36: =SUM(C33:C35) -> 1
A38: 4. Root-cause groups within Legitimate findings
A39: Root cause group | B39: Count | C39: % of legitimate | D39: Recurring? (≥2)
A40: Component evidence | B40: =COUNTIFS(Data!D2:D15,"Legitimate",Data!E2:E15,"Component evidence") -> 3 | C40: =B40/COUNTIF(Data!D2:D15,"Legitimate") -> 0.33333333 | D40: =IF(B40>=2,"YES","") -> YES
A41: EF versioning | B41: =COUNTIFS(Data!D2:D15,"Legitimate",Data!E2:E15,"EF versioning") -> 2 | C41: =B41/COUNTIF(Data!D2:D15,"Legitimate") -> 0.22222222 | D41: =IF(B41>=2,"YES","") -> YES
A42: BCU quant mismatch | B42: =COUNTIFS(Data!D2:D15,"Legitimate",Data!E2:E15,"BCU quant mismatch") -> 1 | C42: =B42/COUNTIF(Data!D2:D15,"Legitimate") -> 0.11111111 | D42: =IF(B42>=2,"YES","")
A43: New verifier requirement | B43: =COUNTIFS(Data!D2:D15,"Legitimate",Data!E2:E15,"New verifier requirement") -> 1 | C43: =B43/COUNTIF(Data!D2:D15,"Legitimate") -> 0.11111111 | D43: =IF(B43>=2,"YES","")
A44: Multi-day batch transport leg | B44: =COUNTIFS(Data!D2:D15,"Legitimate",Data!E2:E15,"Multi-day batch transport leg") -> 1 | C44: =B44/COUNTIF(Data!D2:D15,"Legitimate") -> 0.11111111 | D44: =IF(B44>=2,"YES","")
A45: Documentation/labeling human error | B45: =COUNTIFS(Data!D2:D15,"Legitimate",Data!E2:E15,"Documentation/labeling human error") -> 1 | C45: =B45/COUNTIF(Data!D2:D15,"Legitimate") -> 0.11111111 | D45: =IF(B45>=2,"YES","")
A46: Total | B46: =SUM(B40:B45) -> 9 | C46: =SUM(C40:C45) -> 1
A48: 5. Notes — what the findings indicate
A49: Headline read | B49: 9 of 14 findings (64%) were legitimate; 4 of 14 (29%) were 350 misunderstandings; 1 is a pending FAR. Within legitimate findings, two clusters dominate: Certify component-evidence gaps (3) and deprecated emission-factor versions (2). Together these two account for 5 of 9 legitimate findings (~56%) and are the clearest systemic signals.
A50: Systemic issue #1 — Certify evidence pipeline is fragile | B50: Three findings (ISS-23, 25, 26) are upload/file-integrity failures: a missing methanol invoice, a corrupted source file on Certify, and a gasoline tracker that was not uploaded. These are not analytical errors — they are workflow/QA hygiene gaps. Pattern of attention: enforce a pre-submission Certify checklist that confirms (a) every component has a non-empty source file, (b) every cited quantity has invoice/delivery evidence, and (c) tracker spreadsheets are uploaded with the certificate.
A51: Systemic issue #2 — Emission-factor version control | B51: Two findings (ISS-24, 27) trace to deprecated EF versions persisting in calculations after the canonical Standard Emission Factors file was updated. Pattern of attention: a single source-of-truth EF release process with a version stamp and a downstream dependency check (which calc files / Certify components reference each EF) before each RP submission. ISS-16 is adjacent — a header that still said GREET 2024 while the value was the updated 2025 GLEC — suggesting labels and values can drift independently.
A52: Recurring verifier question — deadhead % | B52: ISS-17 is flagged as 'mostly misunderstanding' but Max's PM note explicitly asks: how do we make this stop coming up, and did we ever get mileage tracking telemetry on Charm trucks? Even when the conclusion is 'no change', a recurring clarification request is a documentation gap. Pattern of attention: write a short standing memo on deadhead methodology (default 43.8%, when it would be exceeded, telemetry status) and attach to each RP.
A53: Sub-issue — multi-day injection batches (ISS-19) | B53: Extended timeline (delivery 3/6, sample 3/8, injection 3/12) caused a missed transport leg. Pattern of attention: when a batch is not same-day, the transport calc needs an explicit second leg. Worth a short SOP update.
A54: Sub-issue — new verifier requirement (ISS-21) | B54: BCU tracking spreadsheet now needs to be uploaded to Certify (not just Drive). Sort-of-legitimate because it had not been previously communicated. Pattern of attention: capture verifier expectation changes in a shared 'verifier requirements' delta log so they propagate to the RP submission checklist immediately.
A55: On the misunderstanding side | B55: 4 findings (ISS-29, 30, 20, 17) trace to 350 (the VVB) misreading our submission or applying an unfamiliar convention (LDENR monthly report cadence, conservatism rules on small mass discrepancies, AECN CI uncertainty handling, deadhead). These are not zero-cost — they consume cycle time. Pattern of attention: a short 'reading guide' note pinned to each RP that pre-empts the top recurring 350 questions would compound nicely.
A56: Material vs non-material | B56: Several findings (ISS-22, 24, 27, 19) note the impact is non-material but should be corrected for traceability/accuracy. None of the legitimate findings are flagged as material per the body text. Risk read: low single-finding materiality, but the cluster of evidence/version issues is what creates verification friction and lengthens the cycle.
A57: ISS-22 — open thread | B57: BCU kg CO2e value for Batch 2-155 doesn't match the RP BCU Quant spreadsheet (4845.03 vs 4917). PM says 'let's discuss root cause' — this one is unresolved on cause and is worth landing on a definitive root-cause classification (does it belong in a new bucket, or is it a quant-sheet-vs-Certify version mismatch, which would put it under EF/version control)?
A58: Where to focus next | B58: 1) Certify pre-submission checklist (evidence completeness). 2) EF version-control SOP with downstream dependency check. 3) Standing deadhead memo + telemetry status update. 4) Multi-day batch transport-leg SOP. 5) Verifier requirements delta log. 6) Close out ISS-22 root cause.

Sheet Data
A1: Code | B1: Type | C1: PM Cause Text | D1: Bucket | E1: Root cause group
A2: ISS-30 | B2: Omission | C2: Erroneous -- 350 misunderstanding (LDENR monthly report not required) | D2: Misunderstanding | E2: 350 misunderstanding
A3: ISS-29 | B3: Clarification Request | C3: Erroneous -- 350 misunderstanding (mass discrepancy / conservatism) | D3: Misunderstanding | E3: 350 misunderstanding
A4: ISS-27 | B4: Error | C4: Legitimate -- Deprecated EF version used (railcar embodied) | D4: Legitimate | E4: EF versioning
A5: ISS-26 | B5: Omission | C5: Legitimate -- Component evidence missing (methanol invoice/delivery) | D5: Legitimate | E5: Component evidence
A6: ISS-25 | B6: Omission | C6: Legitimate -- Source file corrupted/blank on Certify | D6: Legitimate | E6: Component evidence
A7: ISS-24 | B7: Error | C7: Legitimate -- Deprecated EF version (value mismatch vs source) | D7: Legitimate | E7: EF versioning
A8: ISS-23 | B8: Omission | C8: Legitimate -- Component evidence missing (gasoline tracker not uploaded) | D8: Legitimate | E8: Component evidence
A9: ISS-22 | B9: Error | C9: Legitimate -- BCU kg CO2e mismatch vs RP quant sheet (root cause TBD) | D9: Legitimate | E9: BCU quant mismatch
A10: ISS-21 | B10: Omission | C10: Sort of legitimate -- New verifier requirement (BCU tracking sheet upload) | D10: Legitimate | E10: New verifier requirement
A11: ISS-20 | B11: Clarification Request | C11: Erroneous -- 350 misunderstanding (AECN CI factor incl. uncertainty) | D11: Misunderstanding | E11: 350 misunderstanding
A12: ISS-19 | B12: Clarification Request | C12: Legitimate -- Missed extra transport leg (multi-day injection batch) | D12: Legitimate | E12: Multi-day batch transport leg
... A15: ISS-16 | B15: Clarification Request | C15: Legitimate -- Human error: spreadsheet header not relabeled (GREET vs GLEC) | D15: Legitimate | E15: Documentation/labeling human error
