Workbook

Sheet Summary
A1: BATCH SUMMARY
A2: Batch ID | B2: INJ-07-2026-W4
A3: Week Start (Sat) | B3: 46221
A4: Week End (Sat) | B4: 46228
A6: SECTION 1 - PER-TAB SUMMARY (each row pulls from its mode tab)
A7: Source Tab | B7: Σ Deliveries / Cargo (kg) | C7: Σ Uncertainty Adj (kg) | D7: Mass Used (kg) | E7: Sparging Loss (kg) | F7: Filtration Loss (kg) | G7: MOBI (kg) | H7: AECN→SOPOR EE (mi) | J7: Opel→Basco EE (mi) | K7: CO -> LA (EE)
A8: AECN Rail | B8: ='AECN Rail'!B52 -> 136376.97 | C8: ='AECN Rail'!C52 -> 274.9296 | D8: ='AECN Rail'!D52 -> 136102.04 | E8: ='AECN Rail'!E52 -> 1755.7163 | F8: ='AECN Rail'!F52 -> 261.97533 | G8: ='AECN Rail'!G52 -> 134084.35 | H8: =SUM('AECN Rail'!L32:L47) -> 563.77118 | J8: =SUM('AECN Rail'!N32:N47) -> 600.6
A9: AECN Truck | B9: ='AECN Truck'!B28 -> 0 | C9: ='AECN Truck'!F28 -> 0 | D9: ='AECN Truck'!C28 -> 0 | E9: ='AECN Truck'!D28 -> 0 | F9: ='AECN Truck'!E28 -> 0 | G9: ='AECN Truck'!G28 -> 0
A10: Charm WODO | B10: =WODO!A33 -> 0 | C10: 0 | D10: =WODO!B33 -> 0 | E10: =WODO!C33 -> 0 | F10: 0 | G10: =WODO!D33 -> 0 | K10: ='WODO Shipments & EE Allocation'!G13
A11: Kerry | B11: =Kerry!A33 -> 16737.545 | C11: 0 | D11: =Kerry!A33 -> 16737.545 | E11: 0 | F11: =Kerry!B33 -> 11.883657 | G11: =Kerry!E33 -> 16725.661
A12: QOWV | B12: =QOWV!B53 -> 0 | C12: 0 | D12: =QOWV!D53 -> 0 | E12: 0 | F12: 0 | G12: =QOWV!F53 -> 0 | K12: ='QOWV Shipments & EE Allocation'!G18
A13: TOTAL | B13: =SUM(B8:B12) -> 153114.52 | C13: =SUM(C8:C12) -> 274.9296 | D13: =SUM(D8:D12) -> 152839.59 | E13: =SUM(E8:E12) -> 1755.7163 | F13: =SUM(F8:F12) -> 273.85899 | G13: =SUM(G8:G12) -> 150810.01
A15: SECTION 2 - PER-OIL-TYPE ROLLUP (composite C% per oil type per week)
A16: Oil Type | B16: Transport Mass - upstream (kg) | C16: Transport Mass - downstream Opel→Basco (kg) | D16: Pyrolysis Mass (kg) | E16: MOBI - sequestration (kg) | F16: Composite Sample ID | G16: C % | H16: Lab COA Link | I16: C Content Uncertainty | J16: Testing Uncertainty
A17: AECN | B17: =SUM('AECN Rail'!I10:I13)+'AECN Truck'!A28 -> 136376.97 | C17: ='AECN Rail'!B52 -> 136376.97 | D17: =SUM('AECN Rail'!I10:I13)+'AECN Truck'!A28 -> 136376.97 | E17: ='AECN Rail'!G52+'AECN Truck'!G28 -> 134084.35 | F17: 07-2026-W4 AECN | G17: 0.394 | H17: =HYPERLINK("https://drive.google.com/file/d/1Jc0vOeHQCsEDZKpGV83DT7iBI7BZlxIr/view","COA SR26-04592.001") -> COA SR26-04592.001 | I17: =G17*J17 -> 0.001576 | J17: 0.004
A18: WODO | B18: =WODO!A33 -> 0 | D18: =WODO!B33 -> 0 | E18: =WODO!D33 -> 0 | I18: =G18*J18 -> 0 | J18: 0.004
A19: Kerry | B19: =Kerry!A33 -> 16737.545 | D19: =Kerry!A33 -> 16737.545 | E19: =Kerry!E33 -> 16725.661 | F19: 07-2026-W4 Kerry | G19: =Kerry!G33 -> 0.528 | H19: =HYPERLINK("https://drive.google.com/file/d/1Jc0vOeHQCsEDZKpGV83DT7iBI7BZlxIr/view","COA SR26-04592.002") -> COA SR26-04592.002 | I19: =G19*J19 -> 0.002112 | J19: 0.004
A20: QOWV | B20: =QOWV!B53 -> 0 | D20: =QOWV!D53 -> 0 | E20: =QOWV!F53 -> 0 | I20: =G20*J20 -> 0 | J20: 0.004
A21: TOTAL | B21: =SUM(B17:B20) -> 153114.52 | C21: =SUM(C17:C20) -> 136376.97 | D21: =SUM(D17:D20) -> 153114.52 | E21: =SUM(E17:E20) -> 150810.01

Sheet AECN Rail
A1: BATCH HEADER — AECN Rail
A2: Batch ID (INJ-YYYY-WXX) | B2: INJ-07-2026-W4 | N2: Constants
A3: Week Start (Sat) | B3: 46221 | N3: Lbs/Kg | O3: 2.20462
A4: Week End (Sat) | B4: 46228 | N4: Kg/Lbs | O4: 0.453592
N5: Sparging Mass Loss | O5: 0.0129
N6: pH range (target) | O6: 2.0 - 4.0
N7: Filtration Solids Content | O7: =HYPERLINK("https://docs.google.com/spreadsheets/d/16shKoa1KP34kQJyQvzclBejW9L5-ubNSqPsMOVB7zDY/edit?usp=sharing", 0.00195) -> 0.00195
A8: SECTION 1 - RAILCARS RECEIVED THIS WEEK (entity-level) | I8: Pyrolysis Emissions Mass | N8: BOL Trips (AECN→SOPOR) | O8: 3
A9: Railcar # | B9: Arrival Date at Opelousas | C9: Loading BOLs (comma-sep) | D9: Total Loaded (MT) | E9: Total Loaded (kg) | F9: Total Offloaded (kg, auto) | G9: Loss (kg) | H9: Previously Claimed (kg) | I9: Claimed This Week (kg) | J9: AECN→SOPOR (mi) | K9: Rail (mi) | L9: Opel→Basco (mi) | N9: Round Trip (Opel→Basco) | O9: 2
A10: GPRX5102 | B10: 46196 | C10: 2395-R, 2396-R, 2397-R | D10: =SUMIF($C$17:$C$28,$A10,$D$17:$D$28) -> 77.69 | E10: =SUMIF($C$17:$C$28,$A10,$E$17:$E$28) -> 77690 | F10: =SUMIF($C$32:$C$47,A10,$F$32:$F$47)+H10 -> 77763.812 | G10: =IF(AND(E10<>"",F10<>"",F10>=0.95*E10),E10-F10,"") -> -73.81248 | H10: 19567.959 | I10: =F10-H10 -> 58195.854 | J10: 107.5 | K10: 2199 | L10: 42.9
A11: TILX200231 | B11: 46198 | C11: 2399-R, 2400-R, 2401-R | D11: =SUMIF($C$17:$C$28,$A11,$D$17:$D$28) -> 77.98 | E11: =SUMIF($C$17:$C$28,$A11,$E$17:$E$28) -> 77980 | F11: =SUMIF($C$32:$C$47,A11,$F$32:$F$47)+H11 -> 78181.117 | G11: =IF(AND(E11<>"",F11<>"",F11>=0.95*E11),E11-F11,"") -> -201.11712 | H11: 0 | I11: =F11-H11 -> 78181.117 | J11: 107.5 | K11: 2199 | L11: 42.9
A15: SECTION 2 - ORIGINS LEDGER (loading BOLs at SOPOR)
A16: Date | B16: BOL # | C16: Railcar # | D16: BOL Mass (MT) | E16: BOL Mass (kg)
A17: 46195 | B17: =HYPERLINK("https://drive.google.com/file/d/1_Qh7mr6-TO73McbkF4BUh0c-avavz9D9/view","2395-R") -> 2395-R | C17: GPRX5102 | D17: 25.6 | E17: =D17*1000 -> 25600
A18: 46195 | B18: =HYPERLINK("https://drive.google.com/file/d/1q4cOm2UFX2dXkfYDC0PCMo81A6RTch3f/view","2396-R") -> 2396-R | C18: GPRX5102 | D18: 26.05 | E18: =D18*1000 -> 26050
A19: 46196 | B19: =HYPERLINK("https://drive.google.com/file/d/193O8FGAAgoIm8f7kOzViO00onIEtp7VE/view","2397-R") -> 2397-R | C19: GPRX5102 | D19: 26.04 | E19: =D19*1000 -> 26040
A20: 46196 | B20: =HYPERLINK("https://drive.google.com/file/d/1Umr-pppbtXIoxIYKO_s-dsf98XlcCyKV/view","2399-R") -> 2399-R | C20: TILX200231 | D20: 26.1 | E20: =D20*1000 -> 26100
A21: 46197 | B21: =HYPERLINK("https://drive.google.com/file/d/1hburaRKn1jooSMX7wOVBvaJOhHGFmJq3/view","2400-R") -> 2400-R | C21: TILX200231 | D21: 26.05 | E21: =D21*1000 -> 26050
A22: 46197 | B22: =HYPERLINK("https://drive.google.com/file/d/1b9OXbTh39wRvQQD0mSW5T-bWQvjdBPAP/view","2401-R") -> 2401-R | C22: TILX200231 | D22: 25.83 | E22: =D22*1000 -> 25830
A30: SECTION 3 - SCALE TICKETS + OFFLOAD WEIGHTS
D31: Full Scale Ticket (lb) | E31: Empty Scale Ticket (lb) | F31: Net Scaled Mass (kg) | G31: pH | H31: Sparging Loss (kg) | I31: Filtration Loss (kg) | J31: Uncertainty Adjustment (kg) | K31: MOBI (kg) | L31: AECN→SOPOR (mi, x3 — full BOL) | M31: Rail (mi — full BOL) | N31: Opel→Basco (mi, x2 — downstream, per offload)
A32: 46228 | B32: Rail_GPRX5102_6.23.2026_offload_2 | C32: GPRX5102 | D32: =HYPERLINK("https://drive.google.com/file/d/1FS3r3Dejc7joiWsOOrb0tBEY83PfrB_1/view", 73500) -> 73500 | E32: =HYPERLINK("https://drive.google.com/file/d/1e12yJo8ZyY3fPz-5wn70FPeX_dNMlqC1/view", 28680) -> 28680 | F32: =IF(D32="","",(D32-E32)*$O$4) -> 20329.993 | G32: 2.9 | H32: =IF(F32="","",(F32-J32)*$O$5) -> 262.25692 | I32: =IF(F32="","",(F32-J32)*(1-$O$5)*$O$7) -> 39.132086 | J32: {=IF(F32="","",IF(ROW()=MAX(IF($C$32:$C$47=C32,ROW($C$32:$C$47),0)),MAX(0,IFERROR(VLOOKUP(C32,$A$10:$L$11,6,FALSE)-VLOOKUP(C32,$A$10:$L$11,5,FALSE),0)),0))} -> 0 | K32: =IF(F32="","",F32-H32-I32-J32) -> 20028.604 | L32: =IF(F32="","",(F32-J32)/VLOOKUP(C32,$A$10:$L$11,5,FALSE)*VLOOKUP(C32,$A$10:$L$11,10,FALSE)*$O$8) -> 84.392108 | M32: =IF(F32="","",(F32-J32)/VLOOKUP(C32,$A$10:$L$11,5,FALSE)*VLOOKUP(C32,$A$10:$L$11,11,FALSE)) -> 575.43642 | N32: =IF(F32="","",IFERROR(VLOOKUP(C32,$A$10:$L$11,12,FALSE),0)*$O$9) -> 85.8
A33: 46228 | B33: Rail_GPRX5102_6.23.2026_offload_3 | C33: GPRX5102 | D33: =HYPERLINK("https://drive.google.com/file/d/1j62hHEG1J_UDTlqzLimm2SXSivWzJEJ9/view", 74940) -> 74940 | E33: =HYPERLINK("https://drive.google.com/file/d/1V_CTzYvMgNItBPneTgJe-7ebViuQuRN4/view", 29320) -> 29320 | F33: =IF(D33="","",(D33-E33)*$O$4) -> 20692.867 | G33: 2.9 | H33: =IF(F33="","",(F33-J33)*$O$5) -> 266.93798 | I33: =IF(F33="","",(F33-J33)*(1-$O$5)*$O$7) -> 39.830562 | J33: {=IF(F33="","",IF(ROW()=MAX(IF($C$32:$C$47=C33,ROW($C$32:$C$47),0)),MAX(0,IFERROR(VLOOKUP(C33,$A$10:$L$11,6,FALSE)-VLOOKUP(C33,$A$10:$L$11,5,FALSE),0)),0))} -> 0 | K33: =IF(F33="","",F33-H33-I33-J33) -> 20386.098 | L33: =IF(F33="","",(F33-J33)/VLOOKUP(C33,$A$10:$L$11,5,FALSE)*VLOOKUP(C33,$A$10:$L$11,10,FALSE)*$O$8) -> 85.898438 | M33: =IF(F33="","",(F33-J33)/VLOOKUP(C33,$A$10:$L$11,5,FALSE)*VLOOKUP(C33,$A$10:$L$11,11,FALSE)) -> 585.70749 | N33: =IF(F33="","",IFERROR(VLOOKUP(C33,$A$10:$L$11,12,FALSE),0)*$O$9) -> 85.8
A34: 46228 | B34: Rail_GPRX5102_6.23.2026_offload_4 | C34: GPRX5102 | D34: =HYPERLINK("https://drive.google.com/file/d/12LQBnqSxJMqHgvUB-Ie1qZFBLAQpT7Us/view", 66620) -> 66620 | E34: =HYPERLINK("https://drive.google.com/file/d/14I2Jr2AiiODrMG57Q5VnoupfxxZIRzUl/view", 28760) -> 28760 | F34: =IF(D34="","",(D34-E34)*$O$4) -> 17172.993 | G34: 2.9 | H34: =IF(F34="","",(F34-J34)*$O$5) -> 220.57943 | I34: =IF(F34="","",(F34-J34)*(1-$O$5)*$O$7) -> 32.913272 | J34: {=IF(F34="","",IF(ROW()=MAX(IF($C$32:$C$47=C34,ROW($C$32:$C$47),0)),MAX(0,IFERROR(VLOOKUP(C34,$A$10:$L$11,6,FALSE)-VLOOKUP(C34,$A$10:$L$11,5,FALSE),0)),0))} -> 73.81248 | K34: =IF(F34="","",F34-H34-I34-J34) -> 16845.688 | L34: =IF(F34="","",(F34-J34)/VLOOKUP(C34,$A$10:$L$11,5,FALSE)*VLOOKUP(C34,$A$10:$L$11,10,FALSE)*$O$8) -> 70.980638 | M34: =IF(F34="","",(F34-J34)/VLOOKUP(C34,$A$10:$L$11,5,FALSE)*VLOOKUP(C34,$A$10:$L$11,11,FALSE)) -> 483.98891 | N34: =IF(F34="","",IFERROR(VLOOKUP(C34,$A$10:$L$11,12,FALSE),0)*$O$9) -> 85.8
A35: 46228 | B35: Rail_TILX200231_6.25.2026_offload_1 | C35: TILX200231 | D35: =HYPERLINK("https://drive.google.com/file/d/1U4H9jaHWJOs6iU_74unuuJgOlOn1EyVr/view", 72920) -> 72920 | E35: =HYPERLINK("https://drive.google.com/file/d/1cMDXE4UIC88ufD_AgwZRaC_dIYbvBh6n/view", 28640) -> 28640 | F35: =IF(D35="","",(D35-E35)*$O$4) -> 20085.054 | G35: 2.9 | H35: =IF(F35="","",(F35-J35)*$O$5) -> 259.09719 | I35: =IF(F35="","",(F35-J35)*(1-$O$5)*$O$7) -> 38.660615 | J35: {=IF(F35="","",IF(ROW()=MAX(IF($C$32:$C$47=C35,ROW($C$32:$C$47),0)),MAX(0,IFERROR(VLOOKUP(C35,$A$10:$L$11,6,FALSE)-VLOOKUP(C35,$A$10:$L$11,5,FALSE),0)),0))} -> 0 | K35: =IF(F35="","",F35-H35-I35-J35) -> 19787.296 | L35: =IF(F35="","",(F35-J35)/VLOOKUP(C35,$A$10:$L$11,5,FALSE)*VLOOKUP(C35,$A$10:$L$11,10,FALSE)*$O$8) -> 83.065271 | M35: =IF(F35="","",(F35-J35)/VLOOKUP(C35,$A$10:$L$11,5,FALSE)*VLOOKUP(C35,$A$10:$L$11,11,FALSE)) -> 566.38924 | N35: =IF(F35="","",IFERROR(VLOOKUP(C35,$A$10:$L$11,12,FALSE),0)*$O$9) -> 85.8
A36: 46228 | B36: Rail_TILX200231_6.25.2026_offload_2 | C36: TILX200231 | D36: =HYPERLINK("https://drive.google.com/file/d/1ciKQAge5xMshNXV866BOpqpuCVc8usrZ/view", 75380) -> 75380 | E36: =HYPERLINK("https://drive.google.com/file/d/14PSqrwgxBDUpnHoVqM2Kbohgb01nXUqW/view", 29180) -> 29180 | F36: =IF(D36="","",(D36-E36)*$O$4) -> 20955.95 | G36: 2.9 | H36: =IF(F36="","",(F36-J36)*$O$5) -> 270.33176 | I36: =IF(F36="","",(F36-J36)*(1-$O$5)*$O$7) -> 40.336956 | J36: {=IF(F36="","",IF(ROW()=MAX(IF($C$32:$C$47=C36,ROW($C$32:$C$47),0)),MAX(0,IFERROR(VLOOKUP(C36,$A$10:$L$11,6,FALSE)-VLOOKUP(C36,$A$10:$L$11,5,FALSE),0)),0))} -> 0 | K36: =IF(F36="","",F36-H36-I36-J36) -> 20645.282 | L36: =IF(F36="","",(F36-J36)/VLOOKUP(C36,$A$10:$L$11,5,FALSE)*VLOOKUP(C36,$A$10:$L$11,10,FALSE)*$O$8) -> 86.667017 | M36: =IF(F36="","",(F36-J36)/VLOOKUP(C36,$A$10:$L$11,5,FALSE)*VLOOKUP(C36,$A$10:$L$11,11,FALSE)) -> 590.94813 | N36: =IF(F36="","",IFERROR(VLOOKUP(C36,$A$10:$L$11,12,FALSE),0)*$O$9) -> 85.8
A37: 46228 | B37: Rail_TILX200231_6.25.2026_offload_3 | C37: TILX200231 | D37: =HYPERLINK("https://drive.google.com/file/d/1LW6g2jOcrYxVMmZfrab1tsrweOH7lVxe/view", 74720) -> 74720 | E37: =HYPERLINK("https://drive.google.com/file/d/1L8NO7aAWFmWZ9CwwjSMNqbEk5rtVMa_7/view", 28640) -> 28640 | F37: =IF(D37="","",(D37-E37)*$O$4) -> 20901.519 | G37: 2.9 | H37: =IF(F37="","",(F37-J37)*$O$5) -> 269.6296 | I37: =IF(F37="","",(F37-J37)*(1-$O$5)*$O$7) -> 40.232185 | J37: {=IF(F37="","",IF(ROW()=MAX(IF($C$32:$C$47=C37,ROW($C$32:$C$47),0)),MAX(0,IFERROR(VLOOKUP(C37,$A$10:$L$11,6,FALSE)-VLOOKUP(C37,$A$10:$L$11,5,FALSE),0)),0))} -> 0 | K37: =IF(F37="","",F37-H37-I37-J37) -> 20591.658 | L37: =IF(F37="","",(F37-J37)/VLOOKUP(C37,$A$10:$L$11,5,FALSE)*VLOOKUP(C37,$A$10:$L$11,10,FALSE)*$O$8) -> 86.441908 | M37: =IF(F37="","",(F37-J37)/VLOOKUP(C37,$A$10:$L$11,5,FALSE)*VLOOKUP(C37,$A$10:$L$11,11,FALSE)) -> 589.4132 | N37: =IF(F37="","",IFERROR(VLOOKUP(C37,$A$10:$L$11,12,FALSE),0)*$O$9) -> 85.8
A38: 46228 | B38: Rail_TILX200231_6.25.2026_offload_4 | C38: TILX200231 | D38: =HYPERLINK("https://drive.google.com/file/d/1oEWaL4HoUNNlQlNTlMjkSazaO7NuoDbK/view", 64700) -> 64700 | E38: =HYPERLINK("https://drive.google.com/file/d/1pSmBA0CXVxS0Mp7N35RMS0atnF8hHQRP/view", 28900) -> 28900 | F38: =IF(D38="","",(D38-E38)*$O$4) -> 16238.594 | G38: 2.9 | H38: =IF(F38="","",(F38-J38)*$O$5) -> 206.88345 | I38: =IF(F38="","",(F38-J38)*(1-$O$5)*$O$7) -> 30.869656 | J38: {=IF(F38="","",IF(ROW()=MAX(IF($C$32:$C$47=C38,ROW($C$32:$C$47),0)),MAX(0,IFERROR(VLOOKUP(C38,$A$10:$L$11,6,FALSE)-VLOOKUP(C38,$A$10:$L$11,5,FALSE),0)),0))} -> 201.11712 | K38: =IF(F38="","",F38-H38-I38-J38) -> 15799.723 | L38: =IF(F38="","",(F38-J38)/VLOOKUP(C38,$A$10:$L$11,5,FALSE)*VLOOKUP(C38,$A$10:$L$11,10,FALSE)*$O$8) -> 66.325804 | M38: =IF(F38="","",(F38-J38)/VLOOKUP(C38,$A$10:$L$11,5,FALSE)*VLOOKUP(C38,$A$10:$L$11,11,FALSE)) -> 452.24943 | N38: =IF(F38="","",IFERROR(VLOOKUP(C38,$A$10:$L$11,12,FALSE),0)*$O$9) -> 85.8
A48: EE Totals (rows 32-47) | L48: =SUM(L32:L47) -> 563.77118 | M48: =SUM(M32:M47) -> 3844.1328 | N48: =SUM(N32:N47) -> 600.6
A50: SECTION 4 - ROLLUP (Mass Used = Deliveries - Uncertainty Adj)
A51: Pyrolysis + Upstream Transport (BOL, kg) | B51: Deliveries raw / Downstream Transport (scale tickets, kg) | C51: Uncertainty Adj (kg) | D51: Mass Used (post-adj) (kg) | E51: Sparging Loss (kg) | F51: Filtration Loss (kg) | G51: MOBI (kg) | H51: pH | N51: Origins list (BOLs)
A52: =SUM(I10:I13) -> 136376.97 | B52: =SUM(F32:F47) -> 136376.97 | C52: =SUM(J32:J47) -> 274.9296 | D52: =B52-C52 -> 136102.04 | E52: =SUM(H32:H47) -> 1755.7163 | F52: =SUM(I32:I47) -> 261.97533 | G52: =SUM(K32:K47) -> 134084.35 | H52: =IFERROR(AVERAGE(G32:G47),"") -> 2.9 | N52: =IFERROR(__xludf.DUMMYFUNCTION("TRIM(TEXTJOIN("", "",TRUE,IFERROR(FILTER(B17:B28,B17:B28<>""""),"""")))"),"2395-R, 2396-R, 2397-R, 2399-R, 2400-R, 2401-R") -> 2395-R, 2396-R, 2397-R, 2399-R, 2400-R, 2401-R

Sheet WODO
A1: BATCH HEADER — Charm WODO (IBC Totes)
A2: Batch ID (INJ-YYYY-WXX) | B2: INJ-07-2026-W4 | K2: Constants
A3: Week Start (Sat) | B3: 46221 | K3: Lbs/Kg | L3: 2.20462
A4: Week End (Sat) | B4: 46228 | K4: Kg/Lbs | L4: 0.453592
K5: Sparging Mass Loss | L5: 0.0129
K6: pH range (target) | L6: 2.0 - 4.0
A8: SECTION 1 - IBC LEDGER (one row per IBC tote; tote tag mass is authoritative)
B9: Transport Emissions | D9: Pyrolysis Emissions Mass | F9: MOBI
A10: Tag | B10: Gross Mass (kg) | C10: Tote Mass (kg) | D10: Net Oil Produced (kg) | E10: Empty Tote Weight (kg) | F10: Net Oil Injected (kg) | G10: Production Period | H10: Carbon Intensity | I10: Production Emissions | J10: Scale Uncertainty
B26: =SUM(B11:B24) -> 0 | D26: =SUM(D9:D24) -> 0 | E26: =SUM(E9:E24) -> 0 | F26: =SUM(F9:F24) -> 0 | H26: =I26/D26 -> #DIV/0! | I26: =SUM(I9:I24) -> 0 | J26: =SUM(J9:J24) -> 0
A31: SECTION 2 - ROLLUP
A32: Transport Mass | B32: Σ Net Oil Produced (kg) | C32: Loss (kg) | D32: MOBI — Σ Net Oil Injected (kg)
A33: =B26 -> 0 | B33: =SUM(D11:D24) -> 0 | C33: =B33-D33 -> 0 | D33: =SUM(F11:F24) -> 0

Sheet AECN Truck
A1: BATCH HEADER — AECN Truck (Direct from Fort Lupton)
A2: Batch ID (INJ-YYYY-WXX) | B2: INJ-07-2026-W4 | K2: Constants
A3: Week Start (Sat) | B3: 46221 | K3: Lbs/Kg | L3: 2.20462
A4: Week End (Sat) | B4: 46228 | K4: Kg/Lbs | L4: 0.453592
K5: Sparging Mass Loss | L5: 0.0129
K6: pH range (target) | L6: 2.0 - 4.0
K7: Filtration Solids Content | L7: =HYPERLINK("https://docs.google.com/spreadsheets/d/16shKoa1KP34kQJyQvzclBejW9L5-ubNSqPsMOVB7zDY/edit?usp=sharing", 0.00195) -> 0.00195
A8: SECTION 1 - DELIVERIES LEDGER (one row per direct truck; BOL & scale ticket on same row)
A9: Date | B9: BOL # / SO # | C9: BOL Mass (MT) | D9: BOL Mass (kg) | E9: Scale Full (lb) | F9: Scale Empty (lb) | G9: Cargo (kg) | H9: pH | I9: Notes | J9: Sparging Loss (kg) | K9: Filtration Loss (kg) | L9: MOBI (kg) | M9: C Content
A26: SECTION 2 - ROLLUP (Mass Used = Σ BOL kg; scale tickets no longer required for direct trucks per 2026-05-26)
A27: Σ BOL (kg) | B27: Σ Cargo (kg) | C27: Mass Used (kg) | D27: Sparging Loss (kg) | E27: Filtration Loss (kg) | F27: Uncertainty Adjustment (kg) | G27: MOBI (kg) | H27: pH | I27: C Content (MOBI-wtd) | K27: Origins list (BOLs)
A28: =SUMIFS(D10:D24,B10:B24,"<>") -> 0 | B28: =SUMIFS(G10:G24,B10:B24,"<>") -> 0 | C28: =A28 -> 0 | D28: =C28*$L$5 -> 0 | E28: =(C28-D28)*$L$7 -> 0 | F28: 0 | G28: =C28-D28-E28-F28 -> 0 | H28: =IFERROR(AVERAGE(H10:H24),"") | I28: =IFERROR(SUMPRODUCT(L10:L24,M10:M24)/SUM(L10:L24),"") | K28: =IFERROR(__xludf.DUMMYFUNCTION("TRIM(TEXTJOIN("", "",TRUE,IFERROR(FILTER(B10:B24,B10:B24<>""""),"""")))"),"")

Sheet QOWV
A1: BATCH HEADER — QOWV (Aqueous Bio-Oil, IBC Totes)
A2: Batch ID (INJ-YYYY-WXX) | B2: INJ-07-2026-W4 | K2: Constants
A3: Week Start (Sat) | B3: 46221 | K3: Lbs/Kg | L3: 2.20462
A4: Week End (Sat) | B4: 46228 | K4: Kg/Lbs | L4: 0.453592
K5: Sparging Mass Loss | L5: 0.0129
K6: pH range (target) | L6: 2.0 - 4.0
A8: SECTION 1 - IBC LEDGER (one row per IBC tote; tote tag mass is authoritative)
B9: Transport Emissions | D9: Pyrolysis Emissions Mass | F9: MOBI
A10: Tag | B10: Gross Mass (kg) | C10: Tote Mass (kg) | D10: Net Oil Produced (kg) | E10: Empty Tote Weight (kg) | F10: Net Oil Injected (kg) | G10: Production Period | H10: Carbon Intensity | I10: Production Emissions | J10: Scale Uncertainty
A53: TOTAL | B53: =SUM(B11:B46) -> 0 | C53: =SUM(C11:C46) -> 0 | D53: =SUM(D11:D46) -> 0 | E53: =SUM(E11:E46) -> 0 | F53: =SUM(F11:F46) -> 0 | H53: =IFERROR(SUMPRODUCT(D11:D46,H11:H46)/SUM(D11:D46),"") | I53: =SUM(I11:I46) -> 0 | J53: =SUM(J11:J46) -> 0
G56: =IF(AND(D56<>"",F56<>""),(D56-F56)*$L$4,"") | H56: =IF(G56="","",G56*(1-$L$5))
G57: =IF(AND(D57<>"",F57<>""),(D57-F57)*$L$4,"") | H57: =IF(G57="","",G57*(1-$L$5))
G58: =IF(AND(D58<>"",F58<>""),(D58-F58)*$L$4,"") | H58: =IF(G58="","",G58*(1-$L$5))
G59: =IF(AND(D59<>"",F59<>""),(D59-F59)*$L$4,"") | H59: =IF(G59="","",G59*(1-$L$5))
G60: =IF(AND(D60<>"",F60<>""),(D60-F60)*$L$4,"") | H60: =IF(G60="","",G60*(1-$L$5))
G61: =IF(AND(D61<>"",F61<>""),(D61-F61)*$L$4,"") | H61: =IF(G61="","",G61*(1-$L$5))
G62: =IF(AND(D62<>"",F62<>""),(D62-F62)*$L$4,"") | H62: =IF(G62="","",G62*(1-$L$5))
G63: =IF(AND(D63<>"",F63<>""),(D63-F63)*$L$4,"") | H63: =IF(G63="","",G63*(1-$L$5))
G64: =IF(AND(D64<>"",F64<>""),(D64-F64)*$L$4,"") | H64: =IF(G64="","",G64*(1-$L$5))
G65: =IF(AND(D65<>"",F65<>""),(D65-F65)*$L$4,"") | H65: =IF(G65="","",G65*(1-$L$5))
G66: =IF(AND(D66<>"",F66<>""),(D66-F66)*$L$4,"") | H66: =IF(G66="","",G66*(1-$L$5))
G67: =IF(AND(D67<>"",F67<>""),(D67-F67)*$L$4,"") | H67: =IF(G67="","",G67*(1-$L$5))
... G73: =IF(AND(D73<>"",F73<>""),(D73-F73)*$L$4,"") | H73: =IF(G73="","",G73*(1-$L$5))

Sheet Kerry
A1: BATCH HEADER — Kerry (Calciner Waste Oil, IBC Totes)
A2: Batch ID (INJ-YYYY-WXX) | B2: INJ-07-2026-W4 | N2: Constants
A3: Week Start (Sat) | B3: 46221 | N3: Lbs/Kg | O3: 2.20462
A4: Week End (Sat) | B4: 46228 | N4: Kg/Lbs | O4: 0.453592
N5: Filtration Solids Content (Kerry Calciner) | O5: 0.00071
N6: pH range (target) | O6: 2.0 - 4.0
N7: Testing Uncertainty | O7: 0.004
A8: SECTION 1 - IBC LEDGER (one row per Kerry tote; tote tag mass is authoritative)
A9: Date | B9: UID | C9: Full Ticket (lb) | D9: Empty Ticket 2 (lb) | E9: Gross Mass (kg) — transport | F9: Net Oil (kg) | G9: Net Injected (kg) — MOBI | H9: pH | I9: Notes | J9: C Content | K9: C Content Uncertainty | L9: Mass Uncertainty (Scaling)
A10: 46220 | B10: TANKER Freiburger 07/26 | C10: 73300 | D10: 36400 | E10: =IF(C10="","",(C10-D10)*$O$4) -> 16737.545 | F10: =E10 -> 16737.545 | G10: =IF(F10="","",F10*(1-$O$5)) -> 16725.661 | J10: 0.528 | K10: =J10*$O$7 -> 0.002112
A31: SECTION 2 - ROLLUP
A32: Σ Net Oil — pre-filtration (kg) | B32: Filtration Loss (kg) | E32: MOBI (kg) | F32: pH | G32: C Content (MOBI-wtd) | I32: Origins list (Tote tags)
A33: =SUMIFS(F10:F29,B10:B29,"<>") -> 16737.545 | B33: =A33*$O$5 -> 11.883657 | E33: =A33-B33 -> 16725.661 | F33: =IFERROR(AVERAGE(H10:H29),"") | G33: =IFERROR(__xludf.DUMMYFUNCTION("IFERROR(AVERAGE.WEIGHTED(J10:J29,G10:G29),"""")"),0.528) -> 0.528 | I33: =IFERROR(__xludf.DUMMYFUNCTION("TRIM(TEXTJOIN("", "",TRUE,IFERROR(FILTER(B10:B29,B10:B29<>""""),"""")))"),"TANKER Freiburger 07/26") -> TANKER Freiburger 07/26

Sheet QOWV Shipments & EE Allocation
A1: INJ-07-2026-W4 — QOWV Shipments & EE Allocation
A4: BATCH SUMMARY
A5: Batch | B5: Fraction | C5: Inj. Week | D5: # Totes | E5: Shipping Orders (relevant totes)
A6: INJ-07-2026-W4
A8: Charm CO -> Basco LA distance (one-way mi) | B8: 1201
A10: EE ALLOCATION TABLE
A11: Truck (shipping order) | B11: Ship Date | C11: Total Totes on Truck | D11: Batch-Relevant Totes | E11: Batch Share of Truck | F11: Mileage (one-way) | G11: Allocated Miles
A20: BATCH MILEAGE ALLOCATION

Sheet WODO Shipments & EE Allocation
A1: INJ-07-2026-W4 — WODO Shipments & EE Allocation
A4: BATCH SUMMARY
A5: Batch | B5: Fraction | C5: Inj. Week | D5: # Totes | E5: Shipping Orders (relevant totes)
A6: INJ-07-2026-W4
A8: Charm CO -> Basco LA distance (one-way mi) | B8: 1201
A10: EE ALLOCATION TABLE
A11: Truck (shipping order) | B11: Ship Date | C11: Total Totes on Truck | D11: Batch-Relevant Totes | E11: Batch Share of Truck | F11: Mileage (one-way) | G11: Allocated Miles
A15: BATCH MILEAGE ALLOCATION
