Workbook

Sheet Summary
A1: Metric | B1: Value | C1: Notes
A2: Window | B2: 2025-05-18 to 2026-05-18 | C2: last 12 months from 2026-05-18
A3: Source | B3: Bio-Oil Injection Tracker > Loads (col D COA hyperlinks)
A4: Loads in window | B4: =COUNTA('Per Load'!A2:A137) -> 136
A5: Unique COA PDFs | B5: =COUNTA('Unique COAs'!A2:A72) -> 71
A6: Mean (per unique COA) | B6: {=AVERAGE(IFERROR(VALUE(SUBSTITUTE('Unique COAs'!B2:B72,"%",""))/100,""))} -> 0.0019457746 | C6: simple mean across distinct CofAs
A7: Mean (per load) | B7: {=AVERAGE(IFERROR(VALUE(SUBSTITUTE('Per Load'!D2:D137,"%",""))/100,""))} -> 0.0019591912 | C7: each load counted; weighted by deliveries per CofA
A8: Min | B8: {=MIN(IFERROR(VALUE(SUBSTITUTE('Per Load'!D2:D137,"%",""))/100,""))} -> 0.0012
A9: Max | B9: {=MAX(IFERROR(VALUE(SUBSTITUTE('Per Load'!D2:D137,"%",""))/100,""))} -> 0.003
A10: Std dev (per load, population) | B10: {=STDEVP(IFERROR(VALUE(SUBSTITUTE('Per Load'!D2:D137,"%",""))/100,""))} -> 0.00039122743
A12: Recommended value for filtration loss | B12: =B7 -> 0.0019591912 | C12: per-load mean — best represents what is actually delivered

Sheet Per Load
A1: load_id | B1: delivery_date | C1: COA | D1: solid_content | E1: file_id | F1: loaded_mass_kg | G1: loss_per_cofa_kg | H1: loss_fixed_kg
A2: 168 | B2: 5/19/2025 | C2: RS1-250512-1 | D2: 0.240% | E2: 1hdiKvUjHRqHRg0dBgY024y51LMEyAWJm | F2: 20570 | G2: =F2*IFERROR(VALUE(SUBSTITUTE($D2,"%","")),0)/100 -> 49.368 | H2: =F2*'Materiality (Sec 2)'!$B$5 -> 40.3172
A3: 169 | B3: 5/20/2025 | C3: RS3-250513-1 | D3: 0.210% | E3: 1DO2zWczGw-plAcuWdQ3-6fyqTvrhfEKv | F3: 19970 | G3: =F3*IFERROR(VALUE(SUBSTITUTE($D3,"%","")),0)/100 -> 41.937 | H3: =F3*'Materiality (Sec 2)'!$B$5 -> 39.1412
A4: 170 | B4: 5/22/2025 | C4: RS1-250516-1 | D4: 0.180% | E4: 1CaEjU_epE9VEXJInlz8RCkUAUIwjdGGk | F4: 20840 | G4: =F4*IFERROR(VALUE(SUBSTITUTE($D4,"%","")),0)/100 -> 37.512 | H4: =F4*'Materiality (Sec 2)'!$B$5 -> 40.8464
A5: 172 | B5: 5/23/2025 | C5: RS3-250519-1 | D5: 0.210% | E5: 1mW08is17mbSbnbSoGVv6xsXJKr8icOtk | F5: 20110 | G5: =F5*IFERROR(VALUE(SUBSTITUTE($D5,"%","")),0)/100 -> 42.231 | H5: =F5*'Materiality (Sec 2)'!$B$5 -> 39.4156
A6: 171 | B6: 5/24/2025 | C6: RS3-250519-1 | D6: 0.210% | E6: 1mW08is17mbSbnbSoGVv6xsXJKr8icOtk | F6: 20370 | G6: =F6*IFERROR(VALUE(SUBSTITUTE($D6,"%","")),0)/100 -> 42.777 | H6: =F6*'Materiality (Sec 2)'!$B$5 -> 39.9252
A7: 173 | B7: 5/26/2025 | C7: RS1-250521-1 | D7: 0.170% | E7: 1XYOM8HiQUbS9kilGm0ChyN-zL5Jh1n1o | F7: 20580 | G7: =F7*IFERROR(VALUE(SUBSTITUTE($D7,"%","")),0)/100 -> 34.986 | H7: =F7*'Materiality (Sec 2)'!$B$5 -> 40.3368
A8: 174 | B8: 6/6/2025 | C8: RS1-250526-1 | D8: 0.180% | E8: 19JOgx0ABBEvZspVsfKKYmoEHHXWYKY9I | F8: 20270 | G8: =F8*IFERROR(VALUE(SUBSTITUTE($D8,"%","")),0)/100 -> 36.486 | H8: =F8*'Materiality (Sec 2)'!$B$5 -> 39.7292
A9: 175 | B9: 6/7/2025 | C9: RS3-250531-1 | D9: 0.230% | E9: 1YhpedaMWb_wCZ95CMEtfTzQRHPta26oc | F9: 20560 | G9: =F9*IFERROR(VALUE(SUBSTITUTE($D9,"%","")),0)/100 -> 47.288 | H9: =F9*'Materiality (Sec 2)'!$B$5 -> 40.2976
A10: 176 | B10: 6/8/2025 | C10: RS3-250531-1 | D10: 0.230% | E10: 1YhpedaMWb_wCZ95CMEtfTzQRHPta26oc | F10: 20610 | G10: =F10*IFERROR(VALUE(SUBSTITUTE($D10,"%","")),0)/100 -> 47.403 | H10: =F10*'Materiality (Sec 2)'!$B$5 -> 40.3956
A11: 177 | B11: 6/8/2025 | C11: RS1-250604-1 | D11: 0.180% | E11: 1PArCv-ChT5CfVwUfrn0ckUPKRe24avkG | F11: 20580 | G11: =F11*IFERROR(VALUE(SUBSTITUTE($D11,"%","")),0)/100 -> 37.044 | H11: =F11*'Materiality (Sec 2)'!$B$5 -> 40.3368
A12: 178 | B12: 6/8/2025 | C12: RS1-250604-1 | D12: 0.180% | E12: 1PArCv-ChT5CfVwUfrn0ckUPKRe24avkG | F12: 20250 | G12: =F12*IFERROR(VALUE(SUBSTITUTE($D12,"%","")),0)/100 -> 36.45 | H12: =F12*'Materiality (Sec 2)'!$B$5 -> 39.69
A13: 180 | B13: 6/8/2025 | C13: RS1-250604-1 | D13: 0.180% | E13: 1PArCv-ChT5CfVwUfrn0ckUPKRe24avkG | F13: 20220 | G13: =F13*IFERROR(VALUE(SUBSTITUTE($D13,"%","")),0)/100 -> 36.396 | H13: =F13*'Materiality (Sec 2)'!$B$5 -> 39.6312
... A40: 206 | B40: 7/28/2025 | C40: RS3-250723-1 | D40: 0.260% | E40: 1W3OsXQH6SuaRqHnIvUVV-eYw71PgdRmT | F40: 20440 | G40: =F40*IFERROR(VALUE(SUBSTITUTE($D40,"%","")),0)/100 -> 53.144 | H40: =F40*'Materiality (Sec 2)'!$B$5 -> 40.0624
A41: 207 | B41: 7/28/2025 | C41: RS3-250723-1 | D41: 0.260% | E41: 1W3OsXQH6SuaRqHnIvUVV-eYw71PgdRmT | F41: 19870 | G41: =F41*IFERROR(VALUE(SUBSTITUTE($D41,"%","")),0)/100 -> 51.662 | H41: =F41*'Materiality (Sec 2)'!$B$5 -> 38.9452
A42: 208 | B42: 7/30/2025 | C42: RS3-250723-1 | D42: 0.260% | E42: 1W3OsXQH6SuaRqHnIvUVV-eYw71PgdRmT | F42: 20010 | G42: =F42*IFERROR(VALUE(SUBSTITUTE($D42,"%","")),0)/100 -> 52.026 | H42: =F42*'Materiality (Sec 2)'!$B$5 -> 39.2196
A43: 209 | B43: 8/2/2025 | C43: RS1-250727-1 | D43: 0.300% | E43: 1k6qpb6KScnFf3cZfVfSIbeH_nGcjL6pH | F43: 20020 | G43: =F43*IFERROR(VALUE(SUBSTITUTE($D43,"%","")),0)/100 -> 60.06 | H43: =F43*'Materiality (Sec 2)'!$B$5 -> 39.2392
A44: 210 | B44: 8/14/2025 | C44: RS1-250809-1 | D44: 0.200% | E44: 14GpQVW_xENP6jcQle8gvLqAj8GPuwevo | F44: 21300 | G44: =F44*IFERROR(VALUE(SUBSTITUTE($D44,"%","")),0)/100 -> 42.6 | H44: =F44*'Materiality (Sec 2)'!$B$5 -> 41.748
A45: 211 | B45: 8/15/2025 | C45: RS1-250809-1 | D45: 0.200% | E45: 14GpQVW_xENP6jcQle8gvLqAj8GPuwevo | F45: 20020 | G45: =F45*IFERROR(VALUE(SUBSTITUTE($D45,"%","")),0)/100 -> 40.04 | H45: =F45*'Materiality (Sec 2)'!$B$5 -> 39.2392
A46: 212 | B46: 8/20/2025 | C46: RS3-250809-1 | D46: 0.200% | E46: 1qWOVtVkgdROUFiLtMHi229ivYpU_5E_3 | F46: 19910 | G46: =F46*IFERROR(VALUE(SUBSTITUTE($D46,"%","")),0)/100 -> 39.82 | H46: =F46*'Materiality (Sec 2)'!$B$5 -> 39.0236
A47: 213 | B47: 8/20/2025 | C47: RS2-250813-1 | D47: 0.230% | E47: 13FCskwWJT16HCd14-LkX1uGV1pxOTPQ6 | F47: 20190 | G47: =F47*IFERROR(VALUE(SUBSTITUTE($D47,"%","")),0)/100 -> 46.437 | H47: =F47*'Materiality (Sec 2)'!$B$5 -> 39.5724
A48: 215 | B48: 8/23/2025 | C48: RS2-250813-1 | D48: 0.230% | E48: 13FCskwWJT16HCd14-LkX1uGV1pxOTPQ6 | F48: 21130 | G48: =F48*IFERROR(VALUE(SUBSTITUTE($D48,"%","")),0)/100 -> 48.599 | H48: =F48*'Materiality (Sec 2)'!$B$5 -> 41.4148
A49: 214 | B49: 8/24/2025 | C49: RS2-250813-1 | D49: 0.230% | E49: 13FCskwWJT16HCd14-LkX1uGV1pxOTPQ6 | F49: 20110 | G49: =F49*IFERROR(VALUE(SUBSTITUTE($D49,"%","")),0)/100 -> 46.253 | H49: =F49*'Materiality (Sec 2)'!$B$5 -> 39.4156
A50: 216 | B50: 8/26/2025 | C50: RS1-250817-1 | D50: 0.190% | E50: 1uOXlLieYl1PEh18Xv8UcpPrwgkl85Xzf | F50: 19880 | G50: =F50*IFERROR(VALUE(SUBSTITUTE($D50,"%","")),0)/100 -> 37.772 | H50: =F50*'Materiality (Sec 2)'!$B$5 -> 38.9648
A51: 217 | B51: 8/27/2025 | C51: RS1-250817-1 | D51: 0.190% | E51: 1uOXlLieYl1PEh18Xv8UcpPrwgkl85Xzf | F51: 19740 | G51: =F51*IFERROR(VALUE(SUBSTITUTE($D51,"%","")),0)/100 -> 37.506 | H51: =F51*'Materiality (Sec 2)'!$B$5 -> 38.6904
A52: 218 | B52: 9/2/2025 | C52: RS2-250825-1 | D52: 0.180% | E52: 1jOfwCNzpp3Bc6B-XSPOqtyzRa0r2H1qp | F52: 20250 | G52: =F52*IFERROR(VALUE(SUBSTITUTE($D52,"%","")),0)/100 -> 36.45 | H52: =F52*'Materiality (Sec 2)'!$B$5 -> 39.69
... A137: 314 | B137: 5/22/2026 | C137: RS3-260506-1 | D137: 0.220% | E137: 1vj6RPj9Y2VhuXnqavAyyk-5tRn3oDDQA | F137: 26140 | G137: =F137*IFERROR(VALUE(SUBSTITUTE($D137,"%","")),0)/100 -> 57.508 | H137: =F137*'Materiality (Sec 2)'!$B$5 -> 51.2344

Sheet Unique COAs
A1: COA | B1: solid_content | C1: file_id | D1: load_count
A2: RS1-250512-1 | B2: 0.240% | C2: 1hdiKvUjHRqHRg0dBgY024y51LMEyAWJm | D2: =COUNTIF('Per Load'!$C$2:$C$137,$A2) -> 1
A3: RS1-250516-1 | B3: 0.180% | C3: 1CaEjU_epE9VEXJInlz8RCkUAUIwjdGGk | D3: =COUNTIF('Per Load'!$C$2:$C$137,$A3) -> 1
A4: RS1-250521-1 | B4: 0.170% | C4: 1XYOM8HiQUbS9kilGm0ChyN-zL5Jh1n1o | D4: =COUNTIF('Per Load'!$C$2:$C$137,$A4) -> 1
A5: RS1-250526-1 | B5: 0.180% | C5: 19JOgx0ABBEvZspVsfKKYmoEHHXWYKY9I | D5: =COUNTIF('Per Load'!$C$2:$C$137,$A5) -> 1
A6: RS1-250604-1 | B6: 0.180% | C6: 1PArCv-ChT5CfVwUfrn0ckUPKRe24avkG | D6: =COUNTIF('Per Load'!$C$2:$C$137,$A6) -> 4
A7: RS1-250618-1 | B7: 0.250% | C7: 15aI2_OglWpN3l3lviNtdR7wFg3IjQUmB | D7: =COUNTIF('Per Load'!$C$2:$C$137,$A7) -> 3
A8: RS1-250627-1 | B8: 0.220% | C8: 1kNDW441NfjRDSdgB5B-asRuLYoQ9RUYD | D8: =COUNTIF('Per Load'!$C$2:$C$137,$A8) -> 2
A9: RS1-250708-1 | B9: 0.220% | C9: 15EoF6SCKGDCLLvBUytY2nd8C_PkJI4-G | D9: =COUNTIF('Per Load'!$C$2:$C$137,$A9) -> 2
A10: RS1-250713-1 | B10: 0.210% | C10: 13pXcvCUx9c8SPn2ma4J79saTiX8R3OBl | D10: =COUNTIF('Per Load'!$C$2:$C$137,$A10) -> 2
A11: RS1-250715-1 | B11: 0.290% | C11: 1U_tQnCZbY05PVqCRdVMsyh8X2_MN9yFi | D11: =COUNTIF('Per Load'!$C$2:$C$137,$A11) -> 3
A12: RS1-250717-1 | B12: 0.210% | C12: 1Eql9jEnS8PKiXqdEnjXVF8fHiGsdjHMy | D12: =COUNTIF('Per Load'!$C$2:$C$137,$A12) -> 1
A13: RS1-250720-1 | B13: 0.210% | C13: 1d3gksjhHgTmCjqdODDIwlsYN-ALz4NOy | D13: =COUNTIF('Per Load'!$C$2:$C$137,$A13) -> 3
... A72: RS3-260506-1 | B72: 0.220% | C72: 1vj6RPj9Y2VhuXnqavAyyk-5tRn3oDDQA | D72: =COUNTIF('Per Load'!$C$2:$C$137,$A72) -> 2

Sheet Materiality (Sec 2)
A1: Section 2 - Aggregate Materiality: Fixed-Mean vs Per-CofA Filtration-Loss Deduction
A2: Window: May 2025 - May 2026 | ASTM D7579 (BioEnergie AE Cote-Nord) | all figures live from the Per Load tab
A4: Assumptions
A5: Fixed-mean constant (adopted) | B5: 0.00196
A6: C content | B6: 0.4
A7: CO₂e factor (44 / 12) | B7: =44/12 -> 3.6666667
A8: Loads in window | B8: =COUNT('Per Load'!F2:F137) -> 136
A9: Total loaded mass (kg) | B9: =SUM('Per Load'!F2:F137) -> 3017410
A11: Aggregate impact across all loads
A12: Metric | B12: Current (per-CofA policy) | C12: Proposed (fixed 0.196%) | D12: Δ (proposed - current) | E12: Δ %
A13: Filtration-loss mass (kg) | B13: =SUM('Per Load'!G2:G137) -> 5902.4455 | C13: =SUM('Per Load'!H2:H137) -> 5914.1236 | D13: =C13-B13 -> 11.6781 | E13: =D13/B13 -> 0.0019785189
A14: Injected mass (kg) | B14: =$B$9-B13 -> 3011507.6 | C14: =$B$9-C13 -> 3011495.9 | D14: =C14-B14 -> -11.6781 | E14: =D14/B14 -> -3.8778252e-06
A15: Gross CDR (tCO₂e) | B15: =B14*$B$6*$B$7/1000 -> 4416.8777 | C15: =C14*$B$6*$B$7/1000 -> 4416.8606 | D15: =C15-B15 -> -0.01712788 | E15: =D15/B15 -> -3.8778252e-06
A17: Δ filtration loss as % of total loaded mass | B17: =D13/$B$9 -> 3.8702397e-06
A18: Δ gross CDR as % of gross CDR | B18: =D15/B15 -> -3.8778252e-06
A20: =CONCATENATE("Conclusion: Δ gross CDR = ", TEXT(D15,"+0.000;-0.000"), " tCO₂e (", TEXT(E15,"+0.0000%;-0.0000%"), ") - far below the GHG Accounting v1.0 5% materiality threshold.") -> Conclusion: Δ gross CDR = -0.017 tCO₂e (-0.0004%) - far below the GHG Accounting v1.0 5% materiality threshold.
A21: Note: %ΔCDR = %Δinjected mass at any constant C content, so the result is invariant to the C content assumption. Δ column = proposed minus current.
