Workbook

Sheet Usage Guide
A1: Tab | B1: Tab purpose
A2: Summary | B2: Overall metrics on all the GHG entries in this data download | J2: highlighted columns indicate the primary value for a sheet
A3: GHG Entry | B3: A list of high level metrics for individual GHG entries that are part of this data download
A4: GHG Entry Component | B4: A list of the GHG entry components that are attributed to GHG entries
A5: Component | B5: A list of the components used to create GHG entry components
A6: Expression | B6: A list of the formulae used to calculate components from selected datapoints
A7: Datapoint | B7: All scalar datapoints used as part of expressions in GHG entry quantification
A8: Source | B8: A list of sources evidencing datapoints
A9: List Values | B9: All list datapoints used as part of expressions in GHG entry quantification
A10: Measurement Locations | B10: A list of measurement locations used in datapoints

Sheet Summary
A1: This is an export from the Isometric Certify platform
A2: Go to your account at https://registry.isometric.com/ to see this data live in the platform
A4: Exported generated at | B4: 46241.806
A6: Supplier name | B6: Charm Industrial
A7: Project name | B7: Charm Range & Plains Biochar
A8: Project ID | B8: prj_1JN6XNWDQ1S0BSN7
A9: Project url | B9: https://to.isometric.com/prj_1JN6XNWDQ1S0BSN7
A11: Number of GHG entries | B11: 31
A12: Total CO₂e removed being claimed (t) | B12: =SUM('GHG Entry'!G2:G33)/1000
A13: For further information on uncertainty, counterfactuals and LCA assumptions see the associated Project Design Document.

Sheet GHG Entry
A1: GHG Entry ID | B1: Supplier reference ID | C1: Date GHG entry started | D1: Date GHG entry completed | E1: GHG Entry Status | F1: Feedstock type | G1: Discounted CO₂e net removed, rounded (kg) | H1: Discounted CO₂e net removed (kg) | I1: CO₂e net removed before discount (kg) | J1: CO₂e uncertainty discount (kg) | K1: CO₂e gross removed (kg) | L1: CO₂e emitted (kg) | M1: Counterfactual CO₂e flux (kg) | N1: Loss CO₂e flux (kg) | O1: Reductions CO₂e flux (kg) | P1: Manually applied uncertainty discount CO₂e flux (kg)
A3: rmv_1KWCC0FY31S0QD5T | B3: ba_qmYrgSRZl4GSSb1G | C3: 46172 | D3: 46172 | E3: draft | G3: =ROUND(H3, -1) | H3: =I3 - J3 | I3: =K3 - L3 - M3 - N3 + O3 - P3 | J3: 0 | K3: ='GHG Entry Component'!I4 | L3: ='GHG Entry Component'!I3+'GHG Entry Component'!I7+'GHG Entry Component'!I5+'GHG Entry Component'!I6+'GHG Entry Component'!I9 | M3: 0 | N3: 0 | O3: ='GHG Entry Component'!I8 | P3: 0
A4: rmv_1KWCSDFQF1S0CSCB | B4: ba_9kP9SwYZMlGNTqqx | C4: 46172 | D4: 46172 | E4: draft | G4: =ROUND(H4, -1) | H4: =I4 - J4 | I4: =K4 - L4 - M4 - N4 + O4 - P4 | J4: 0 | K4: ='GHG Entry Component'!I13 | L4: ='GHG Entry Component'!I12+'GHG Entry Component'!I11+'GHG Entry Component'!I14+'GHG Entry Component'!I10 | M4: 0 | N4: 0 | O4: ='GHG Entry Component'!I15 | P4: 0
A5: rmv_1KWCY0G8W1S0931T | B5: ba_tHRLhKtxK34N9epQ | C5: 46172 | D5: 46172 | E5: draft | G5: =ROUND(H5, -1) | H5: =I5 - J5 | I5: =K5 - L5 - M5 - N5 + O5 - P5 | J5: 0 | K5: ='GHG Entry Component'!I19 | L5: ='GHG Entry Component'!I18+'GHG Entry Component'!I17+'GHG Entry Component'!I20+'GHG Entry Component'!I16 | M5: 0 | N5: 0 | O5: ='GHG Entry Component'!I21 | P5: 0
A6: rmv_1KWCZP1M61S02KMH | B6: ba_T8zfcMUbDDHUruuA | C6: 46172 | D6: 46172 | E6: draft | G6: =ROUND(H6, -1) | H6: =I6 - J6 | I6: =K6 - L6 - M6 - N6 + O6 - P6 | J6: 0 | K6: ='GHG Entry Component'!I23 | L6: ='GHG Entry Component'!I22+'GHG Entry Component'!I26+'GHG Entry Component'!I24+'GHG Entry Component'!I25 | M6: 0 | N6: 0 | O6: ='GHG Entry Component'!I27 | P6: 0
A7: rmv_1KXE4AHAG1S0AK0A | B7: ba_lwnWhNsjh8WoV53l | C7: 46172 | D7: 46172 | E7: draft | G7: =ROUND(H7, -1) | H7: =I7 - J7 | I7: =K7 - L7 - M7 - N7 + O7 - P7 | J7: 0 | K7: ='GHG Entry Component'!I31 | L7: ='GHG Entry Component'!I30+'GHG Entry Component'!I29+'GHG Entry Component'!I32+'GHG Entry Component'!I28 | M7: 0 | N7: 0 | O7: ='GHG Entry Component'!I33 | P7: 0
A8: rmv_1KXEA1TH21S04EG0 | B8: ba_Z9EfWkX89iM3ii1v | C8: 46172 | D8: 46172 | E8: draft | G8: =ROUND(H8, -1) | H8: =I8 - J8 | I8: =K8 - L8 - M8 - N8 + O8 - P8 | J8: 0 | K8: ='GHG Entry Component'!I36 | L8: ='GHG Entry Component'!I35+'GHG Entry Component'!I34+'GHG Entry Component'!I37+'GHG Entry Component'!I38 | M8: 0 | N8: 0 | O8: ='GHG Entry Component'!I39 | P8: 0
A9: rmv_1KXEBV2PW1S0A79A | B9: ba_VWf4sxkY2EscDW5o | C9: 46172 | D9: 46172 | E9: draft | G9: =ROUND(H9, -1) | H9: =I9 - J9 | I9: =K9 - L9 - M9 - N9 + O9 - P9 | J9: 0 | K9: ='GHG Entry Component'!I43 | L9: ='GHG Entry Component'!I42+'GHG Entry Component'!I41+'GHG Entry Component'!I44+'GHG Entry Component'!I40 | M9: 0 | N9: 0 | O9: ='GHG Entry Component'!I45 | P9: 0
A10: rmv_1KXECAV741S0SM2Q | B10: ba_oE4jAK80l7BJyFMg | C10: 46172 | D10: 46172 | E10: draft | G10: =ROUND(H10, -1) | H10: =I10 - J10 | I10: =K10 - L10 - M10 - N10 + O10 - P10 | J10: 0 | K10: ='GHG Entry Component'!I49 | L10: ='GHG Entry Component'!I48+'GHG Entry Component'!I47+'GHG Entry Component'!I50+'GHG Entry Component'!I46 | M10: 0 | N10: 0 | O10: ='GHG Entry Component'!I51 | P10: 0
A11: rmv_1KXEHAAVZ1S0VXRD | B11: ba_yYdKOBIvyBMfCOdf | C11: 46179 | D11: 46179 | E11: draft | G11: =ROUND(H11, -1) | H11: =I11 - J11 | I11: =K11 - L11 - M11 - N11 + O11 - P11 | J11: 0 | K11: ='GHG Entry Component'!I53 | L11: ='GHG Entry Component'!I52+'GHG Entry Component'!I56+'GHG Entry Component'!I54+'GHG Entry Component'!I55 | M11: 0 | N11: 0 | O11: ='GHG Entry Component'!I57 | P11: 0
A12: rmv_1KXEJCGYM1S09J0R | B12: ba_ZmHB6yt6Jtzs0PTW | C12: 46179 | D12: 46179 | E12: draft | G12: =ROUND(H12, -1) | H12: =I12 - J12 | I12: =K12 - L12 - M12 - N12 + O12 - P12 | J12: 0 | K12: ='GHG Entry Component'!I61 | L12: ='GHG Entry Component'!I60+'GHG Entry Component'!I59+'GHG Entry Component'!I62+'GHG Entry Component'!I58 | M12: 0 | N12: 0 | O12: ='GHG Entry Component'!I63 | P12: 0
A13: rmv_1KXEJD28G1S07DZM | B13: ba_Sm5nzKG9gj21Dxl1 | C13: 46179 | D13: 46179 | E13: draft | G13: =ROUND(H13, -1) | H13: =I13 - J13 | I13: =K13 - L13 - M13 - N13 + O13 - P13 | J13: 0 | K13: ='GHG Entry Component'!I66 | L13: ='GHG Entry Component'!I65+'GHG Entry Component'!I64+'GHG Entry Component'!I67+'GHG Entry Component'!I68 | M13: 0 | N13: 0 | O13: ='GHG Entry Component'!I69 | P13: 0
A14: rmv_1KXERCP431S0TG4A | B14: ba_7FH3EjYwQp16ttVc | C14: 46179 | D14: 46179 | E14: draft | G14: =ROUND(H14, -1) | H14: =I14 - J14 | I14: =K14 - L14 - M14 - N14 + O14 - P14 | J14: 0 | K14: ='GHG Entry Component'!I71 | L14: ='GHG Entry Component'!I70+'GHG Entry Component'!I74+'GHG Entry Component'!I72+'GHG Entry Component'!I73 | M14: 0 | N14: 0 | O14: ='GHG Entry Component'!I75 | P14: 0
A15: rmv_1KXERD7151S0RC36 | B15: ba_bVEAvO9legIMhHcD | C15: 46179 | D15: 46179 | E15: draft | G15: =ROUND(H15, -1) | H15: =I15 - J15 | I15: =K15 - L15 - M15 - N15 + O15 - P15 | J15: 0 | K15: ='GHG Entry Component'!I77 | L15: ='GHG Entry Component'!I76+'GHG Entry Component'!I80+'GHG Entry Component'!I78+'GHG Entry Component'!I79 | M15: 0 | N15: 0 | O15: ='GHG Entry Component'!I81 | P15: 0
A16: rmv_1KXGK2Y3V1S0HT4A | B16: ba_fcqDPyfocSyfS0ba | C16: 46179 | D16: 46179 | E16: draft | G16: =ROUND(H16, -1) | H16: =I16 - J16 | I16: =K16 - L16 - M16 - N16 + O16 - P16 | J16: 0 | K16: ='GHG Entry Component'!I86 | L16: ='GHG Entry Component'!I85+'GHG Entry Component'!I84+'GHG Entry Component'!I82+'GHG Entry Component'!I83 | M16: 0 | N16: 0 | O16: ='GHG Entry Component'!I87 | P16: 0
A17: rmv_1KXGK3HP81S0FP36 | B17: ba_R4Vr8Bfn1uspC4R1 | C17: 46179 | D17: 46179 | E17: draft | G17: =ROUND(H17, -1) | H17: =I17 - J17 | I17: =K17 - L17 - M17 - N17 + O17 - P17 | J17: 0 | K17: ='GHG Entry Component'!I92 | L17: ='GHG Entry Component'!I91+'GHG Entry Component'!I90+'GHG Entry Component'!I88+'GHG Entry Component'!I89 | M17: 0 | N17: 0 | O17: ='GHG Entry Component'!I93 | P17: 0
A18: rmv_1KXGK45BZ1S0DJ22 | B18: ba_OPir9NJcYGrhzD92 | C18: 46179 | D18: 46179 | E18: draft | G18: =ROUND(H18, -1) | H18: =I18 - J18 | I18: =K18 - L18 - M18 - N18 + O18 - P18 | J18: 0 | K18: ='GHG Entry Component'!I97 | L18: ='GHG Entry Component'!I96+'GHG Entry Component'!I95+'GHG Entry Component'!I98+'GHG Entry Component'!I94 | M18: 0 | N18: 0 | O18: ='GHG Entry Component'!I99 | P18: 0
A19: rmv_1KXGK4R131S095PN | B19: ba_SEeVg0i26QTA0MGj | C19: 46179 | D19: 46179 | E19: draft | G19: =ROUND(H19, -1) | H19: =I19 - J19 | I19: =K19 - L19 - M19 - N19 + O19 - P19 | J19: 0 | K19: ='GHG Entry Component'!I102 | L19: ='GHG Entry Component'!I105+'GHG Entry Component'!I101+'GHG Entry Component'!I100+'GHG Entry Component'!I103 | M19: 0 | N19: 0 | O19: ='GHG Entry Component'!I104 | P19: 0
A20: rmv_1KXGK5BMT1S0H4FK | B20: ba_Ab0wKI6z4meTsSHJ | C20: 46179 | D20: 46179 | E20: draft | G20: =ROUND(H20, -1) | H20: =I20 - J20 | I20: =K20 - L20 - M20 - N20 + O20 - P20 | J20: 0 | K20: ='GHG Entry Component'!I109 | L20: ='GHG Entry Component'!I111+'GHG Entry Component'!I108+'GHG Entry Component'!I107+'GHG Entry Component'!I106 | M20: 0 | N20: 0 | O20: ='GHG Entry Component'!I110 | P20: 0
A21: rmv_1KXKGW8131S0DAD9 | B21: manual-charm-biochar-D2-254 | C21: 46172 | D21: 46172 | E21: draft | G21: =ROUND(H21, -1) | H21: =I21 - J21 | I21: =K21 - L21 - M21 - N21 + O21 - P21 | J21: 0 | K21: ='GHG Entry Component'!I115 | L21: ='GHG Entry Component'!I114+'GHG Entry Component'!I112+'GHG Entry Component'!I116 | M21: 0 | N21: 0 | O21: ='GHG Entry Component'!I113 | P21: 0
A22: rmv_1KXKGXJB61S01MAJ | B22: manual-charm-biochar-D3-254 | C22: 46179 | D22: 46179 | E22: draft | G22: =ROUND(H22, -1) | H22: =I22 - J22 | I22: =K22 - L22 - M22 - N22 + O22 - P22 | J22: 0 | K22: ='GHG Entry Component'!I118 | L22: ='GHG Entry Component'!I117+'GHG Entry Component'!I120+'GHG Entry Component'!I119 | M22: 0 | N22: 0 | O22: ='GHG Entry Component'!I121 | P22: 0
A23: rmv_1KXKP77Q21S08Q74 | B23: manual-charm-biochar-D3-252 | C23: 46179 | D23: 46179 | E23: draft | G23: =ROUND(H23, -1) | H23: =I23 - J23 | I23: =K23 - L23 - M23 - N23 + O23 - P23 | J23: 0 | K23: ='GHG Entry Component'!I125 | L23: ='GHG Entry Component'!I124+'GHG Entry Component'!I123+'GHG Entry Component'!I126+'GHG Entry Component'!I122 | M23: 0 | N23: 0 | O23: ='GHG Entry Component'!I127 | P23: 0
A24: rmv_1KY02PC6H1S0D393 | B24: ba_WhokCybTDfXx5J9b | C24: 46042 | D24: 46042 | E24: draft | G24: =ROUND(H24, -1) | H24: =I24 - J24 | I24: =K24 - L24 - M24 - N24 + O24 - P24 | J24: 0 | K24: ='GHG Entry Component'!I130 | L24: ='GHG Entry Component'!I133+'GHG Entry Component'!I129+'GHG Entry Component'!I128+'GHG Entry Component'!I131+'GHG Entry Component'!I134 | M24: 0 | N24: 0 | O24: ='GHG Entry Component'!I132 | P24: 0
A25: rmv_1KY02PYB11S0N221 | B25: ba_KgcBuWQUZqU1iIh0 | C25: 46042 | D25: 46042 | E25: draft | G25: =ROUND(H25, -1) | H25: =I25 - J25 | I25: =K25 - L25 - M25 - N25 + O25 - P25 | J25: 0 | K25: ='GHG Entry Component'!I135 | L25: ='GHG Entry Component'!I140+'GHG Entry Component'!I138+'GHG Entry Component'!I137+'GHG Entry Component'!I136 | M25: 0 | N25: 0 | O25: ='GHG Entry Component'!I139 | P25: 0
A26: rmv_1KY38KE1C1S03T2H | B26: ba_ouUP380dPZPm3TwY | C26: 46101 | D26: 46101 | E26: draft | G26: =ROUND(H26, -1) | H26: =I26 - J26 | I26: =K26 - L26 - M26 - N26 + O26 - P26 | J26: 0 | K26: ='GHG Entry Component'!I143 | L26: ='GHG Entry Component'!I146+'GHG Entry Component'!I142+'GHG Entry Component'!I141+'GHG Entry Component'!I144 | M26: 0 | N26: 0 | O26: ='GHG Entry Component'!I145 | P26: 0
A27: rmv_1KY57M9F81S03MK6 | B27: ba_TMAR7Xx3vwC16Jan | C27: 46092 | D27: 46092 | E27: draft | G27: =ROUND(H27, -1) | H27: =I27 - J27 | I27: =K27 - L27 - M27 - N27 + O27 - P27 | J27: 0 | K27: ='GHG Entry Component'!I149 | L27: ='GHG Entry Component'!I152+'GHG Entry Component'!I148+'GHG Entry Component'!I147+'GHG Entry Component'!I150 | M27: 0 | N27: 0 | O27: ='GHG Entry Component'!I151 | P27: 0
A28: rmv_1KY57MT101S0BKC4 | B28: ba_tyHD61LKMjHX0tm8 | C28: 46092 | D28: 46092 | E28: draft | G28: =ROUND(H28, -1) | H28: =I28 - J28 | I28: =K28 - L28 - M28 - N28 + O28 - P28 | J28: 0 | K28: ='GHG Entry Component'!I155 | L28: ='GHG Entry Component'!I158+'GHG Entry Component'!I154+'GHG Entry Component'!I153+'GHG Entry Component'!I156 | M28: 0 | N28: 0 | O28: ='GHG Entry Component'!I157 | P28: 0
A29: rmv_1KY57NCC21S0TVWC | B29: ba_k5O479XvMebZlTY5 | C29: 46092 | D29: 46092 | E29: draft | G29: =ROUND(H29, -1) | H29: =I29 - J29 | I29: =K29 - L29 - M29 - N29 + O29 - P29 | J29: 0 | K29: ='GHG Entry Component'!I160 | L29: ='GHG Entry Component'!I159+'GHG Entry Component'!I163+'GHG Entry Component'!I161+'GHG Entry Component'!I162 | M29: 0 | N29: 0 | O29: ='GHG Entry Component'!I164 | P29: 0
A30: rmv_1KY5G7F3N1S0MPZX | B30: ba_STp6R7r1eTkvhMC4 | C30: 46092 | D30: 46092 | E30: draft | G30: =ROUND(H30, -1) | H30: =I30 - J30 | I30: =K30 - L30 - M30 - N30 + O30 - P30 | J30: 0 | K30: ='GHG Entry Component'!I165 | L30: ='GHG Entry Component'!I170+'GHG Entry Component'!I168+'GHG Entry Component'!I167+'GHG Entry Component'!I166 | M30: 0 | N30: 0 | O30: ='GHG Entry Component'!I169 | P30: 0
A31: rmv_1KYA6ANEE1S0PW7F | B31: ba_Mnyp1ajWTFoo2VkH | C31: 46042 | D31: 46042 | E31: draft | G31: =ROUND(H31, -1) | H31: =I31 - J31 | I31: =K31 - L31 - M31 - N31 + O31 - P31 | J31: 0 | K31: ='GHG Entry Component'!I172 | L31: ='GHG Entry Component'!I171+'GHG Entry Component'!I175+'GHG Entry Component'!I173+'GHG Entry Component'!I174+'GHG Entry Component'!I177 | M31: 0 | N31: 0 | O31: ='GHG Entry Component'!I176 | P31: 0
A32: rmv_1KYA74ZX41S0H0D1 | B32: ba_MFRsmroFCOLTWOv7 | C32: 46101 | D32: 46101 | E32: draft | G32: =ROUND(H32, -1) | H32: =I32 - J32 | I32: =K32 - L32 - M32 - N32 + O32 - P32 | J32: 0 | K32: ='GHG Entry Component'!I181 | L32: ='GHG Entry Component'!I180+'GHG Entry Component'!I179+'GHG Entry Component'!I178 | M32: 0 | N32: 0 | O32: ='GHG Entry Component'!I182 | P32: 0
A33: rmv_1KYA75EW41S07JMK | B33: ba_SK3Nd0wgGunGqQLh | C33: 46101 | D33: 46101 | E33: draft | G33: =ROUND(H33, -1) | H33: =I33 - J33 | I33: =K33 - L33 - M33 - N33 + O33 - P33 | J33: 0 | K33: ='GHG Entry Component'!I185 | L33: ='GHG Entry Component'!I184+'GHG Entry Component'!I183+'GHG Entry Component'!I186+'GHG Entry Component'!I188 | M33: 0 | N33: 0 | O33: ='GHG Entry Component'!I187 | P33: 0

Sheet GHG Entry Component
A1: GHG Entry Component ID | B1: Component ID | C1: Component name | D1: Component description | E1: Blueprint Key | F1: Blueprint Name | G1: GHG Entry ID | H1: GHG Entry Component Group Name | I1: Attributed Carbon Flux in kg | J1: CO₂e uncertainty (kg) | K1: Component Carbon Flux in kg | L1: Attribution Type | M1: Attribution Factor | N1: Attribution Factor Datapoint ID | O1: GHG Entry Component Type | P1: Date Activity Started | Q1: Date Activity Completed
A3: rvc_1KWCC0FY31S01TGP | B3: =Component!A3 | C3: Biochar Spreading Emissions | E3: mass_based_ci_emissions | F3: Mass-based CI emissions | G3: ='GHG Entry'!A3 | H3: Biochar storage | I3: =Component!D3 * Datapoint!E18 | J3: =Component!E3 * Datapoint!E18 | K3: =Component!D3 | L3: partial | M3: =Datapoint!E18 | N3: =Datapoint!A18 | O3: activity
A4: rvc_1KWCC0FY31S042TZ | B4: =Component!A4 | C4: Biochar sequestration, 200 year durability | E4: biochar_sequestration_200_year_c_org | F4: Biochar sequestration, 200 year durability | G4: ='GHG Entry'!A3 | H4: Biochar storage | I4: =Component!D4 * Datapoint!E19 | J4: =Component!E4 * Datapoint!E19 | K4: =Component!D4 | L4: partial | M4: =Datapoint!E19 | N4: =Datapoint!A19 | O4: sequestration
A5: rvc_1KWCC0FY31S09480 | B5: =Component!A5 | C5: CO Flatbed Truck Transport Embodied Emissions | E5: distance_based_ci_emissions | F5: Distance-based emissions | G5: ='GHG Entry'!A3 | H5: Biochar transportation | I5: =Component!D5 * Datapoint!E20 | J5: =Component!E5 * Datapoint!E20 | K5: =Component!D5 | L5: partial | M5: =Datapoint!E20 | N5: =Datapoint!A20 | O5: activity
A6: rvc_1KWCC0FY31S0GDZA | B6: =Component!A6 | C6: Biochar Production Emission (A) | E6: mass_based_ci_emissions | F6: Mass-based CI emissions | G6: ='GHG Entry'!A3 | H6: Biochar production | I6: =Component!D6 * Datapoint!E16 | J6: =Component!E6 * Datapoint!E16 | K6: =Component!D6 | L6: partial | M6: =Datapoint!E16 | N6: =Datapoint!A16 | O6: activity
A7: rvc_1KWCC0FY31S0NFCB | B7: =Component!A7 | C7: CO Flatbed Truck Transport Process Emissions | E7: transport | F7: Transport emissions | G7: ='GHG Entry'!A3 | H7: Biochar transportation | I7: =Component!D7 * Datapoint!E17 | J7: =Component!E7 * Datapoint!E17 | K7: =Component!D7 | L7: partial | M7: =Datapoint!E17 | N7: =Datapoint!A17 | O7: activity
A8: rvc_1KYA8BW1Q1S04Z4W | B8: =Component!A166 | C8: BCU - Transport Process | E8: constant_reduction | F8: Constant CO₂ reduction | G8: ='GHG Entry'!A3 | H8: Biochar storage | I8: =Component!D166 * Datapoint!E596 | J8: =Component!E166 * Datapoint!E596 | K8: =Component!D166 | L8: partial | M8: =Datapoint!E596 | N8: =Datapoint!A596 | O8: adjustment | P8: 46172 | Q8: 46172
A9: rvc_1KYN471V91S019ZQ | B9: =Component!A188 | C9: Over Allocated Emissions | E9: constant_activity_emissions | F9: Constant emissions | G9: ='GHG Entry'!A3 | H9: Biochar production | I9: =Component!D188 * Datapoint!E649 | J9: =Component!E188 * Datapoint!E649 | K9: =Component!D188 | L9: partial | M9: =Datapoint!E649 | N9: =Datapoint!A649 | O9: activity
A10: rvc_1KWCSDFQF1S05T5V | B10: =Component!A8 | C10: Biochar Production Emission (A) | E10: mass_based_ci_emissions | F10: Mass-based CI emissions | G10: ='GHG Entry'!A4 | H10: Biochar production | I10: =Component!D8 * Datapoint!E37 | J10: =Component!E8 * Datapoint!E37 | K10: =Component!D8 | L10: partial | M10: =Datapoint!E37 | N10: =Datapoint!A37 | O10: activity
A11: rvc_1KWCSDFQF1S0AVJW | B11: =Component!A9 | C11: CO Flatbed Truck Transport Process Emissions | E11: transport | F11: Transport emissions | G11: ='GHG Entry'!A4 | H11: Biochar transportation | I11: =Component!D9 * Datapoint!E38 | J11: =Component!E9 * Datapoint!E38 | K11: =Component!D9 | L11: partial | M11: =Datapoint!E38 | N11: =Datapoint!A38 | O11: activity
A12: rvc_1KWCSDFQF1S0Q6Q7 | B12: =Component!A10 | C12: Biochar Spreading Emissions | E12: mass_based_ci_emissions | F12: Mass-based CI emissions | G12: ='GHG Entry'!A4 | H12: Biochar storage | I12: =Component!D10 * Datapoint!E34 | J12: =Component!E10 * Datapoint!E34 | K12: =Component!D10 | L12: partial | M12: =Datapoint!E34 | N12: =Datapoint!A34 | O12: activity
A13: rvc_1KWCSDFQF1S0SF1G | B13: =Component!A11 | C13: Biochar sequestration, 200 year durability | E13: biochar_sequestration_200_year_c_org | F13: Biochar sequestration, 200 year durability | G13: ='GHG Entry'!A4 | H13: Biochar storage | I13: =Component!D11 * Datapoint!E35 | J13: =Component!E11 * Datapoint!E35 | K13: =Component!D11 | L13: partial | M13: =Datapoint!E35 | N13: =Datapoint!A35 | O13: sequestration
A14: rvc_1KWCSDFQF1S0YGEH | B14: =Component!A12 | C14: CO Flatbed Truck Transport Embodied Emissions | E14: distance_based_ci_emissions | F14: Distance-based emissions | G14: ='GHG Entry'!A4 | H14: Biochar transportation | I14: =Component!D12 * Datapoint!E36 | J14: =Component!E12 * Datapoint!E36 | K14: =Component!D12 | L14: partial | M14: =Datapoint!E36 | N14: =Datapoint!A36 | O14: activity
A15: rvc_1KYA8BNC31S0JBT5 | B15: =Component!A165 | C15: BCU - Transport Process | E15: constant_reduction | F15: Constant CO₂ reduction | G15: ='GHG Entry'!A4 | H15: Biochar storage | I15: =Component!D165 * Datapoint!E594 | J15: =Component!E165 * Datapoint!E594 | K15: =Component!D165 | L15: partial | M15: =Datapoint!E594 | N15: =Datapoint!A594 | O15: adjustment | P15: 46172 | Q15: 46172
A16: rvc_1KWCY0G8W1S023VA | B16: =Component!A13 | C16: Biochar Production Emission (A) | E16: mass_based_ci_emissions | F16: Mass-based CI emissions | G16: ='GHG Entry'!A5 | H16: Biochar production | I16: =Component!D13 * Datapoint!E55 | J16: =Component!E13 * Datapoint!E55 | K16: =Component!D13 | L16: partial | M16: =Datapoint!E55 | N16: =Datapoint!A55 | O16: activity
A17: rvc_1KWCY0G8W1S0758B | B17: =Component!A14 | C17: CO Flatbed Truck Transport Process Emissions | E17: transport | F17: Transport emissions | G17: ='GHG Entry'!A5 | H17: Biochar transportation | I17: =Component!D14 * Datapoint!E56 | J17: =Component!E14 * Datapoint!E56 | K17: =Component!D14 | L17: partial | M17: =Datapoint!E56 | N17: =Datapoint!A56 | O17: activity
A18: rvc_1KWCY0G8W1S0KGCP | B18: =Component!A15 | C18: Biochar Spreading Emissions | E18: mass_based_ci_emissions | F18: Mass-based CI emissions | G18: ='GHG Entry'!A5 | H18: Biochar storage | I18: =Component!D15 * Datapoint!E52 | J18: =Component!E15 * Datapoint!E52 | K18: =Component!D15 | L18: partial | M18: =Datapoint!E52 | N18: =Datapoint!A52 | O18: activity
A19: rvc_1KWCY0G8W1S0NRPZ | B19: =Component!A16 | C19: Biochar sequestration, 200 year durability | E19: biochar_sequestration_200_year_c_org | F19: Biochar sequestration, 200 year durability | G19: ='GHG Entry'!A5 | H19: Biochar storage | I19: =Component!D16 * Datapoint!E53 | J19: =Component!E16 * Datapoint!E53 | K19: =Component!D16 | L19: partial | M19: =Datapoint!E53 | N19: =Datapoint!A53 | O19: sequestration
A20: rvc_1KWCY0G8W1S0TT40 | B20: =Component!A17 | C20: CO Flatbed Truck Transport Embodied Emissions | E20: distance_based_ci_emissions | F20: Distance-based emissions | G20: ='GHG Entry'!A5 | H20: Biochar transportation | I20: =Component!D17 * Datapoint!E54 | J20: =Component!E17 * Datapoint!E54 | K20: =Component!D17 | L20: partial | M20: =Datapoint!E54 | N20: =Datapoint!A54 | O20: activity
A21: rvc_1KXEB42X91S0XRV2 | B21: =Component!A35 | C21: BCU - Transport Process | E21: constant_reduction | F21: Constant CO₂ reduction | G21: ='GHG Entry'!A5 | H21: Biochar transportation | I21: =Component!D35 * Datapoint!E119 | J21: =Component!E35 * Datapoint!E119 | K21: =Component!D35 | L21: partial | M21: =Datapoint!E119 | N21: =Datapoint!A119 | O21: adjustment
A22: rvc_1KWCZP1M61S0D0ZD | B22: =Component!A18 | C22: Biochar Spreading Emissions | E22: mass_based_ci_emissions | F22: Mass-based CI emissions | G22: ='GHG Entry'!A6 | H22: Biochar storage | I22: =Component!D18 * Datapoint!E70 | J22: =Component!E18 * Datapoint!E70 | K22: =Component!D18 | L22: partial | M22: =Datapoint!E70 | N22: =Datapoint!A70 | O22: activity
A23: rvc_1KWCZP1M61S0F99P | B23: =Component!A19 | C23: Biochar sequestration, 200 year durability | E23: biochar_sequestration_200_year_c_org | F23: Biochar sequestration, 200 year durability | G23: ='GHG Entry'!A6 | H23: Biochar storage | I23: =Component!D19 * Datapoint!E71 | J23: =Component!E19 * Datapoint!E71 | K23: =Component!D19 | L23: partial | M23: =Datapoint!E71 | N23: =Datapoint!A71 | O23: sequestration
A24: rvc_1KWCZP1M61S0MAPQ | B24: =Component!A20 | C24: CO Flatbed Truck Transport Embodied Emissions | E24: distance_based_ci_emissions | F24: Distance-based emissions | G24: ='GHG Entry'!A6 | H24: Biochar transportation | I24: =Component!D20 * Datapoint!E72 | J24: =Component!E20 * Datapoint!E72 | K24: =Component!D20 | L24: partial | M24: =Datapoint!E72 | N24: =Datapoint!A72 | O24: activity
A25: rvc_1KWCZP1M61S0VME1 | B25: =Component!A21 | C25: Biochar Production Emission (A) | E25: mass_based_ci_emissions | F25: Mass-based CI emissions | G25: ='GHG Entry'!A6 | H25: Biochar production | I25: =Component!D21 * Datapoint!E73 | J25: =Component!E21 * Datapoint!E73 | K25: =Component!D21 | L25: partial | M25: =Datapoint!E73 | N25: =Datapoint!A73 | O25: activity
A26: rvc_1KWCZP1M61S00NV2 | B26: =Component!A22 | C26: CO Flatbed Truck Transport Process Emissions | E26: transport | F26: Transport emissions | G26: ='GHG Entry'!A6 | H26: Biochar transportation | I26: =Component!D22 * Datapoint!E74 | J26: =Component!E22 * Datapoint!E74 | K26: =Component!D22 | L26: partial | M26: =Datapoint!E74 | N26: =Datapoint!A74 | O26: activity
A27: rvc_1KYA8C1QC1S0QJFK | B27: =Component!A167 | C27: BCU - Transport Process | E27: constant_reduction | F27: Constant CO₂ reduction | G27: ='GHG Entry'!A6 | H27: Biochar storage | I27: =Component!D167 * Datapoint!E598 | J27: =Component!E167 * Datapoint!E598 | K27: =Component!D167 | L27: partial | M27: =Datapoint!E598 | N27: =Datapoint!A598 | O27: adjustment | P27: 46172 | Q27: 46172
A28: rvc_1KXE4AHAG1S03KST | B28: =Component!A23 | C28: Biochar Production Emission (A) | E28: mass_based_ci_emissions | F28: Mass-based CI emissions | G28: ='GHG Entry'!A7 | H28: Biochar production | I28: =Component!D23 * Datapoint!E92 | J28: =Component!E23 * Datapoint!E92 | K28: =Component!D23 | L28: partial | M28: =Datapoint!E92 | N28: =Datapoint!A92 | O28: activity
A29: rvc_1KXE4AHAG1S08N6V | B29: =Component!A24 | C29: CO Flatbed Truck Transport Process Emissions | E29: transport | F29: Transport emissions | G29: ='GHG Entry'!A7 | H29: Biochar transportation | I29: =Component!D24 * Datapoint!E93 | J29: =Component!E24 * Datapoint!E93 | K29: =Component!D24 | L29: partial | M29: =Datapoint!E93 | N29: =Datapoint!A93 | O29: activity
A30: rvc_1KXE4AHAG1S0N0B6 | B30: =Component!A25 | C30: Biochar Spreading Emissions | E30: mass_based_ci_emissions | F30: Mass-based CI emissions | G30: ='GHG Entry'!A7 | H30: Biochar storage | I30: =Component!D25 * Datapoint!E89 | J30: =Component!E25 * Datapoint!E89 | K30: =Component!D25 | L30: partial | M30: =Datapoint!E89 | N30: =Datapoint!A89 | O30: activity
A31: rvc_1KXE4AHAG1S0Q8NF | B31: =Component!A26 | C31: Biochar sequestration, 200 year durability | E31: biochar_sequestration_200_year_c_org | F31: Biochar sequestration, 200 year durability | G31: ='GHG Entry'!A7 | H31: Biochar storage | I31: =Component!D26 * Datapoint!E90 | J31: =Component!E26 * Datapoint!E90 | K31: =Component!D26 | L31: partial | M31: =Datapoint!E90 | N31: =Datapoint!A90 | O31: sequestration
A32: rvc_1KXE4AHAG1S0WA2G | B32: =Component!A27 | C32: CO Flatbed Truck Transport Embodied Emissions | E32: distance_based_ci_emissions | F32: Distance-based emissions | G32: ='GHG Entry'!A7 | H32: Biochar transportation | I32: =Component!D27 * Datapoint!E91 | J32: =Component!E27 * Datapoint!E91 | K32: =Component!D27 | L32: partial | M32: =Datapoint!E91 | N32: =Datapoint!A91 | O32: activity
A33: rvc_1KYMS0Q121S08WWE | B33: =Component!A28 | C33: BCU - Transport Process | E33: constant_reduction | F33: Constant CO₂ reduction | G33: ='GHG Entry'!A7 | H33: Biochar transportation | I33: =Component!D28 * Datapoint!E644 | J33: =Component!E28 * Datapoint!E644 | K33: =Component!D28 | L33: partial | M33: =Datapoint!E644 | N33: =Datapoint!A644 | O33: adjustment
A34: rvc_1KXEA1TH21S02GPH | B34: =Component!A29 | C34: CO Flatbed Truck Transport Process Emissions | E34: transport | F34: Transport emissions | G34: ='GHG Entry'!A8 | H34: Biochar transportation | I34: =Component!D29 * Datapoint!E113 | J34: =Component!E29 * Datapoint!E113 | K34: =Component!D29 | L34: partial | M34: =Datapoint!E113 | N34: =Datapoint!A113 | O34: activity
A35: rvc_1KXEA1TH21S0EVTW | B35: =Component!A30 | C35: Biochar Spreading Emissions | E35: mass_based_ci_emissions | F35: Mass-based CI emissions | G35: ='GHG Entry'!A8 | H35: Biochar storage | I35: =Component!D30 * Datapoint!E109 | J35: =Component!E30 * Datapoint!E109 | K35: =Component!D30 | L35: partial | M35: =Datapoint!E109 | N35: =Datapoint!A109 | O35: activity
A36: rvc_1KXEA1TH21S0H455 | B36: =Component!A31 | C36: Biochar sequestration, 200 year durability | E36: biochar_sequestration_200_year_c_org | F36: Biochar sequestration, 200 year durability | G36: ='GHG Entry'!A8 | H36: Biochar storage | I36: =Component!D31 * Datapoint!E110 | J36: =Component!E31 * Datapoint!E110 | K36: =Component!D31 | L36: partial | M36: =Datapoint!E110 | N36: =Datapoint!A110 | O36: sequestration
A37: rvc_1KXEA1TH21S0P5J6 | B37: =Component!A32 | C37: CO Flatbed Truck Transport Embodied Emissions | E37: distance_based_ci_emissions | F37: Distance-based emissions | G37: ='GHG Entry'!A8 | H37: Biochar transportation | I37: =Component!D32 * Datapoint!E111 | J37: =Component!E32 * Datapoint!E111 | K37: =Component!D32 | L37: partial | M37: =Datapoint!E111 | N37: =Datapoint!A111 | O37: activity
A38: rvc_1KXEA1TH21S0XF9G | B38: =Component!A33 | C38: Biochar Production Emission (A) | E38: mass_based_ci_emissions | F38: Mass-based CI emissions | G38: ='GHG Entry'!A8 | H38: Biochar production | I38: =Component!D33 * Datapoint!E112 | J38: =Component!E33 * Datapoint!E112 | K38: =Component!D33 | L38: partial | M38: =Datapoint!E112 | N38: =Datapoint!A112 | O38: activity
A39: rvc_1KXEA3E4Q1S0XMHX | B39: =Component!A34 | C39: BCU - Transport Process | E39: constant_reduction | F39: Constant CO₂ reduction | G39: ='GHG Entry'!A8 | H39: Biochar transportation | I39: =Component!D34 * Datapoint!E114 | J39: =Component!E34 * Datapoint!E114 | K39: =Component!D34 | L39: partial | M39: =Datapoint!E114 | N39: =Datapoint!A114 | O39: adjustment
A40: rvc_1KXEBV2PW1S0382T | B40: =Component!A36 | C40: Biochar Production Emission (A) | E40: mass_based_ci_emissions | F40: Mass-based CI emissions | G40: ='GHG Entry'!A9 | H40: Biochar production | I40: =Component!D36 * Datapoint!E139 | J40: =Component!E36 * Datapoint!E139 | K40: =Component!D36 | L40: partial | M40: =Datapoint!E139 | N40: =Datapoint!A139 | O40: activity
A41: rvc_1KXEBV2PW1S089FV | B41: =Component!A37 | C41: CO Flatbed Truck Transport Process Emissions | E41: transport | F41: Transport emissions | G41: ='GHG Entry'!A9 | H41: Biochar transportation | I41: =Component!D37 * Datapoint!E140 | J41: =Component!E37 * Datapoint!E140 | K41: =Component!D37 | L41: partial | M41: =Datapoint!E140 | N41: =Datapoint!A140 | O41: activity
A42: rvc_1KXEBV2PW1S0MMM6 | B42: =Component!A38 | C42: Biochar Spreading Emissions | E42: mass_based_ci_emissions | F42: Mass-based CI emissions | G42: ='GHG Entry'!A9 | H42: Biochar storage | I42: =Component!D38 * Datapoint!E136 | J42: =Component!E38 * Datapoint!E136 | K42: =Component!D38 | L42: partial | M42: =Datapoint!E136 | N42: =Datapoint!A136 | O42: activity
A43: rvc_1KXEBV2PW1S0PWYF | B43: =Component!A39 | C43: Biochar sequestration, 200 year durability | E43: biochar_sequestration_200_year_c_org | F43: Biochar sequestration, 200 year durability | G43: ='GHG Entry'!A9 | H43: Biochar storage | I43: =Component!D39 * Datapoint!E137 | J43: =Component!E39 * Datapoint!E137 | K43: =Component!D39 | L43: partial | M43: =Datapoint!E137 | N43: =Datapoint!A137 | O43: sequestration
A44: rvc_1KXEBV2PW1S0VYBG | B44: =Component!A40 | C44: CO Flatbed Truck Transport Embodied Emissions | E44: distance_based_ci_emissions | F44: Distance-based emissions | G44: ='GHG Entry'!A9 | H44: Biochar transportation | I44: =Component!D40 * Datapoint!E138 | J44: =Component!E40 * Datapoint!E138 | K44: =Component!D40 | L44: partial | M44: =Datapoint!E138 | N44: =Datapoint!A138 | O44: activity
A45: rvc_1KXEBZVFK1S02WJR | B45: =Component!A41 | C45: BCU - Transport Process | E45: constant_reduction | F45: Constant CO₂ reduction | G45: ='GHG Entry'!A9 | H45: Biochar transportation | I45: =Component!D41 * Datapoint!E141 | J45: =Component!E41 * Datapoint!E141 | K45: =Component!D41 | L45: partial | M45: =Datapoint!E141 | N45: =Datapoint!A141 | O45: adjustment
A46: rvc_1KXECAV741S07GH7 | B46: =Component!A42 | C46: Biochar Production Emission (A) | E46: mass_based_ci_emissions | F46: Mass-based CI emissions | G46: ='GHG Entry'!A10 | H46: Biochar production | I46: =Component!D42 * Datapoint!E161 | J46: =Component!E42 * Datapoint!E161 | K46: =Component!D42 | L46: partial | M46: =Datapoint!E161 | N46: =Datapoint!A161 | O46: activity
A47: rvc_1KXECAV741S0CHY8 | B47: =Component!A43 | C47: CO Flatbed Truck Transport Process Emissions | E47: transport | F47: Transport emissions | G47: ='GHG Entry'!A10 | H47: Biochar transportation | I47: =Component!D43 * Datapoint!E157 | J47: =Component!E43 * Datapoint!E157 | K47: =Component!D43 | L47: partial | M47: =Datapoint!E157 | N47: =Datapoint!A157 | O47: activity
A48: rvc_1KXECAV741S0RX2K | B48: =Component!A44 | C48: Biochar Spreading Emissions | E48: mass_based_ci_emissions | F48: Mass-based CI emissions | G48: ='GHG Entry'!A10 | H48: Biochar storage | I48: =Component!D44 * Datapoint!E158 | J48: =Component!E44 * Datapoint!E158 | K48: =Component!D44 | L48: partial | M48: =Datapoint!E158 | N48: =Datapoint!A158 | O48: activity
A49: rvc_1KXECAV741S0V5CW | B49: =Component!A45 | C49: Biochar sequestration, 200 year durability | E49: biochar_sequestration_200_year_c_org | F49: Biochar sequestration, 200 year durability | G49: ='GHG Entry'!A10 | H49: Biochar storage | I49: =Component!D45 * Datapoint!E159 | J49: =Component!E45 * Datapoint!E159 | K49: =Component!D45 | L49: partial | M49: =Datapoint!E159 | N49: =Datapoint!A159 | O49: sequestration
A50: rvc_1KXECAV741S006SX | B50: =Component!A46 | C50: CO Flatbed Truck Transport Embodied Emissions | E50: distance_based_ci_emissions | F50: Distance-based emissions | G50: ='GHG Entry'!A10 | H50: Biochar transportation | I50: =Component!D46 * Datapoint!E160 | J50: =Component!E46 * Datapoint!E160 | K50: =Component!D46 | L50: partial | M50: =Datapoint!E160 | N50: =Datapoint!A160 | O50: activity
A51: rvc_1KXECGAQV1S0NCZQ | B51: =Component!A47 | C51: BCU - Transport Process | E51: constant_reduction | F51: Constant CO₂ reduction | G51: ='GHG Entry'!A10 | H51: Biochar transportation | I51: =Component!D47 * Datapoint!E162 | J51: =Component!E47 * Datapoint!E162 | K51: =Component!D47 | L51: partial | M51: =Datapoint!E162 | N51: =Datapoint!A162 | O51: adjustment
A52: rvc_1KXEHAAVZ1S06B39 | B52: =Component!A48 | C52: Biochar Spreading Emissions | E52: mass_based_ci_emissions | F52: Mass-based CI emissions | G52: ='GHG Entry'!A11 | H52: Biochar storage | I52: =Component!D48 * Datapoint!E181 | J52: =Component!E48 * Datapoint!E181 | K52: =Component!D48 | L52: partial | M52: =Datapoint!E181 | N52: =Datapoint!A181 | O52: activity
A53: rvc_1KXEHAAVZ1S08KDJ | B53: =Component!A49 | C53: Biochar sequestration, 200 year durability | E53: biochar_sequestration_200_year_c_org | F53: Biochar sequestration, 200 year durability | G53: ='GHG Entry'!A11 | H53: Biochar storage | I53: =Component!D49 * Datapoint!E182 | J53: =Component!E49 * Datapoint!E182 | K53: =Component!D49 | L53: partial | M53: =Datapoint!E182 | N53: =Datapoint!A182 | O53: sequestration
A54: rvc_1KXEHAAVZ1S0DMTK | B54: =Component!A50 | C54: CO Flatbed Truck Transport Embodied Emissions | E54: distance_based_ci_emissions | F54: Distance-based emissions | G54: ='GHG Entry'!A11 | H54: Biochar transportation | I54: =Component!D50 * Datapoint!E178 | J54: =Component!E50 * Datapoint!E178 | K54: =Component!D50 | L54: partial | M54: =Datapoint!E178 | N54: =Datapoint!A178 | O54: activity
A55: rvc_1KXEHAAVZ1S0MYHX | B55: =Component!A51 | C55: Biochar Production Emission (A) | E55: mass_based_ci_emissions | F55: Mass-based CI emissions | G55: ='GHG Entry'!A11 | H55: Biochar production | I55: =Component!D51 * Datapoint!E179 | J55: =Component!E51 * Datapoint!E179 | K55: =Component!D51 | L55: partial | M55: =Datapoint!E179 | N55: =Datapoint!A179 | O55: activity
A56: rvc_1KXEHAAVZ1S0SZYY | B56: =Component!A52 | C56: CO Flatbed Truck Transport Process Emissions | E56: transport | F56: Transport emissions | G56: ='GHG Entry'!A11 | H56: Biochar transportation | I56: =Component!D52 * Datapoint!E180 | J56: =Component!E52 * Datapoint!E180 | K56: =Component!D52 | L56: partial | M56: =Datapoint!E180 | N56: =Datapoint!A180 | O56: activity
A57: rvc_1KXEHM2ZW1S0JF0Q | B57: =Component!A53 | C57: BCU - Transport Process | E57: constant_reduction | F57: Constant CO₂ reduction | G57: ='GHG Entry'!A11 | H57: Biochar transportation | I57: =Component!D53 * Datapoint!E183 | J57: =Component!E53 * Datapoint!E183 | K57: =Component!D53 | L57: partial | M57: =Datapoint!E183 | N57: =Datapoint!A183 | O57: adjustment
A58: rvc_1KXEJCGYM1S02JT8 | B58: =Component!A54 | C58: Biochar Production Emission (A) | E58: mass_based_ci_emissions | F58: Mass-based CI emissions | G58: ='GHG Entry'!A12 | H58: Biochar production | I58: =Component!D54 * Datapoint!E202 | J58: =Component!E54 * Datapoint!E202 | K58: =Component!D54 | L58: partial | M58: =Datapoint!E202 | N58: =Datapoint!A202 | O58: activity
A59: rvc_1KXEJCGYM1S07M79 | B59: =Component!A55 | C59: CO Flatbed Truck Transport Process Emissions | E59: transport | F59: Transport emissions | G59: ='GHG Entry'!A12 | H59: Biochar transportation | I59: =Component!D55 * Datapoint!E203 | J59: =Component!E55 * Datapoint!E203 | K59: =Component!D55 | L59: partial | M59: =Datapoint!E203 | N59: =Datapoint!A203 | O59: activity
A60: rvc_1KXEJCGYM1S0KZBM | B60: =Component!A56 | C60: Biochar Spreading Emissions | E60: mass_based_ci_emissions | F60: Mass-based CI emissions | G60: ='GHG Entry'!A12 | H60: Biochar storage | I60: =Component!D56 * Datapoint!E199 | J60: =Component!E56 * Datapoint!E199 | K60: =Component!D56 | L60: partial | M60: =Datapoint!E199 | N60: =Datapoint!A199 | O60: activity
A61: rvc_1KXEJCGYM1S0P7NX | B61: =Component!A57 | C61: Biochar sequestration, 200 year durability | E61: biochar_sequestration_200_year_c_org | F61: Biochar sequestration, 200 year durability | G61: ='GHG Entry'!A12 | H61: Biochar storage | I61: =Component!D57 * Datapoint!E200 | J61: =Component!E57 * Datapoint!E200 | K61: =Component!D57 | L61: partial | M61: =Datapoint!E200 | N61: =Datapoint!A200 | O61: sequestration
A62: rvc_1KXEJCGYM1S0V92Y | B62: =Component!A58 | C62: CO Flatbed Truck Transport Embodied Emissions | E62: distance_based_ci_emissions | F62: Distance-based emissions | G62: ='GHG Entry'!A12 | H62: Biochar transportation | I62: =Component!D58 * Datapoint!E201 | J62: =Component!E58 * Datapoint!E201 | K62: =Component!D58 | L62: partial | M62: =Datapoint!E201 | N62: =Datapoint!A201 | O62: activity
A63: rvc_1KXEJDSXH1S00M1H | B63: =Component!A64 | C63: BCU - Transport Process | E63: constant_reduction | F63: Constant CO₂ reduction | G63: ='GHG Entry'!A12 | H63: Biochar transportation | I63: =Component!D64 * Datapoint!E223 | J63: =Component!E64 * Datapoint!E223 | K63: =Component!D64 | L63: partial | M63: =Datapoint!E223 | N63: =Datapoint!A223 | O63: adjustment
A64: rvc_1KXEJD28G1S05G65 | B64: =Component!A59 | C64: CO Flatbed Truck Transport Process Emissions | E64: transport | F64: Transport emissions | G64: ='GHG Entry'!A13 | H64: Biochar transportation | I64: =Component!D59 * Datapoint!E222 | J64: =Component!E59 * Datapoint!E222 | K64: =Component!D59 | L64: partial | M64: =Datapoint!E222 | N64: =Datapoint!A222 | O64: activity
A65: rvc_1KXEJD28G1S0HVAG | B65: =Component!A60 | C65: Biochar Spreading Emissions | E65: mass_based_ci_emissions | F65: Mass-based CI emissions | G65: ='GHG Entry'!A13 | H65: Biochar storage | I65: =Component!D60 * Datapoint!E218 | J65: =Component!E60 * Datapoint!E218 | K65: =Component!D60 | L65: partial | M65: =Datapoint!E218 | N65: =Datapoint!A218 | O65: activity
A66: rvc_1KXEJD28G1S0M3MS | B66: =Component!A61 | C66: Biochar sequestration, 200 year durability | E66: biochar_sequestration_200_year_c_org | F66: Biochar sequestration, 200 year durability | G66: ='GHG Entry'!A13 | H66: Biochar storage | I66: =Component!D61 * Datapoint!E219 | J66: =Component!E61 * Datapoint!E219 | K66: =Component!D61 | L66: partial | M66: =Datapoint!E219 | N66: =Datapoint!A219 | O66: sequestration
A67: rvc_1KXEJD28G1S0S51T | B67: =Component!A62 | C67: CO Flatbed Truck Transport Embodied Emissions | E67: distance_based_ci_emissions | F67: Distance-based emissions | G67: ='GHG Entry'!A13 | H67: Biochar transportation | I67: =Component!D62 * Datapoint!E220 | J67: =Component!E62 * Datapoint!E220 | K67: =Component!D62 | L67: partial | M67: =Datapoint!E220 | N67: =Datapoint!A220 | O67: activity
A68: rvc_1KXEJD28G1S00ES4 | B68: =Component!A63 | C68: Biochar Production Emission (A) | E68: mass_based_ci_emissions | F68: Mass-based CI emissions | G68: ='GHG Entry'!A13 | H68: Biochar production | I68: =Component!D63 * Datapoint!E221 | J68: =Component!E63 * Datapoint!E221 | K68: =Component!D63 | L68: partial | M68: =Datapoint!E221 | N68: =Datapoint!A221 | O68: activity
A69: rvc_1KYA8CMSQ1S0PP72 | B69: =Component!A170 | C69: BCU - Transport Process | E69: constant_reduction | F69: Constant CO₂ reduction | G69: ='GHG Entry'!A13 | H69: Biochar storage | I69: =Component!D170 * Datapoint!E604 | J69: =Component!E170 * Datapoint!E604 | K69: =Component!D170 | L69: partial | M69: =Datapoint!E604 | N69: =Datapoint!A604 | O69: adjustment | P69: 46179 | Q69: 46179
A70: rvc_1KXERCP431S04XF6 | B70: =Component!A65 | C70: Biochar Spreading Emissions | E70: mass_based_ci_emissions | F70: Mass-based CI emissions | G70: ='GHG Entry'!A14 | H70: Biochar storage | I70: =Component!D65 * Datapoint!E242 | J70: =Component!E65 * Datapoint!E242 | K70: =Component!D65 | L70: partial | M70: =Datapoint!E242 | N70: =Datapoint!A242 | O70: activity
A71: rvc_1KXERCP431S075SF | B71: =Component!A66 | C71: Biochar sequestration, 200 year durability | E71: biochar_sequestration_200_year_c_org | F71: Biochar sequestration, 200 year durability | G71: ='GHG Entry'!A14 | H71: Biochar storage | I71: =Component!D66 * Datapoint!E243 | J71: =Component!E66 * Datapoint!E243 | K71: =Component!D66 | L71: partial | M71: =Datapoint!E243 | N71: =Datapoint!A243 | O71: sequestration
A72: rvc_1KXERCP431S0C76G | B72: =Component!A67 | C72: CO Flatbed Truck Transport Embodied Emissions | E72: distance_based_ci_emissions | F72: Distance-based emissions | G72: ='GHG Entry'!A14 | H72: Biochar transportation | I72: =Component!D67 * Datapoint!E239 | J72: =Component!E67 * Datapoint!E239 | K72: =Component!D67 | L72: partial | M72: =Datapoint!E239 | N72: =Datapoint!A239 | O72: activity
A73: rvc_1KXERCP431S0KGXT | B73: =Component!A68 | C73: Biochar Production Emission (A) | E73: mass_based_ci_emissions | F73: Mass-based CI emissions | G73: ='GHG Entry'!A14 | H73: Biochar production | I73: =Component!D68 * Datapoint!E240 | J73: =Component!E68 * Datapoint!E240 | K73: =Component!D68 | L73: partial | M73: =Datapoint!E240 | N73: =Datapoint!A240 | O73: activity
A74: rvc_1KXERCP431S0RJAV | B74: =Component!A69 | C74: CO Flatbed Truck Transport Process Emissions | E74: transport | F74: Transport emissions | G74: ='GHG Entry'!A14 | H74: Biochar transportation | I74: =Component!D69 * Datapoint!E241 | J74: =Component!E69 * Datapoint!E241 | K74: =Component!D69 | L74: partial | M74: =Datapoint!E241 | N74: =Datapoint!A241 | O74: activity
A75: rvc_1KXERHFPF1S0ES2B | B75: =Component!A75 | C75: BCU - Transport Process | E75: constant_reduction | F75: Constant CO₂ reduction | G75: ='GHG Entry'!A14 | H75: Biochar transportation | I75: =Component!D75 * Datapoint!E263 | J75: =Component!E75 * Datapoint!E263 | K75: =Component!D75 | L75: partial | M75: =Datapoint!E263 | N75: =Datapoint!A263 | O75: adjustment
A76: rvc_1KXERD7151S02SE2 | B76: =Component!A70 | C76: Biochar Spreading Emissions | E76: mass_based_ci_emissions | F76: Mass-based CI emissions | G76: ='GHG Entry'!A15 | H76: Biochar storage | I76: =Component!D70 * Datapoint!E260 | J76: =Component!E70 * Datapoint!E260 | K76: =Component!D70 | L76: partial | M76: =Datapoint!E260 | N76: =Datapoint!A260 | O76: activity
A77: rvc_1KXERD7151S051RB | B77: =Component!A71 | C77: Biochar sequestration, 200 year durability | E77: biochar_sequestration_200_year_c_org | F77: Biochar sequestration, 200 year durability | G77: ='GHG Entry'!A15 | H77: Biochar storage | I77: =Component!D71 * Datapoint!E261 | J77: =Component!E71 * Datapoint!E261 | K77: =Component!D71 | L77: partial | M77: =Datapoint!E261 | N77: =Datapoint!A261 | O77: sequestration
A78: rvc_1KXERD7151S0A35C | B78: =Component!A72 | C78: CO Flatbed Truck Transport Embodied Emissions | E78: distance_based_ci_emissions | F78: Distance-based emissions | G78: ='GHG Entry'!A15 | H78: Biochar transportation | I78: =Component!D72 * Datapoint!E262 | J78: =Component!E72 * Datapoint!E262 | K78: =Component!D72 | L78: partial | M78: =Datapoint!E262 | N78: =Datapoint!A262 | O78: activity
A79: rvc_1KXERD7151S0HCWP | B79: =Component!A73 | C79: Biochar Production Emission (A) | E79: mass_based_ci_emissions | F79: Mass-based CI emissions | G79: ='GHG Entry'!A15 | H79: Biochar production | I79: =Component!D73 * Datapoint!E258 | J79: =Component!E73 * Datapoint!E258 | K79: =Component!D73 | L79: partial | M79: =Datapoint!E258 | N79: =Datapoint!A258 | O79: activity
A80: rvc_1KXERD7151S0PE9Q | B80: =Component!A74 | C80: CO Flatbed Truck Transport Process Emissions | E80: transport | F80: Transport emissions | G80: ='GHG Entry'!A15 | H80: Biochar transportation | I80: =Component!D74 * Datapoint!E259 | J80: =Component!E74 * Datapoint!E259 | K80: =Component!D74 | L80: partial | M80: =Datapoint!E259 | N80: =Datapoint!A259 | O80: activity
A81: rvc_1KYA8CW3S1S099HS | B81: =Component!A171 | C81: BCU - Transport Process | E81: constant_reduction | F81: Constant CO₂ reduction | G81: ='GHG Entry'!A15 | H81: Biochar storage | I81: =Component!D171 * Datapoint!E606 | J81: =Component!E171 * Datapoint!E606 | K81: =Component!D171 | L81: partial | M81: =Datapoint!E606 | N81: =Datapoint!A606 | O81: adjustment | P81: 46179 | Q81: 46179
A82: rvc_1KXGK2Y3V1S03H6G | B82: =Component!A76 | C82: CO Flatbed Truck Transport Embodied Emissions | E82: distance_based_ci_emissions | F82: Distance-based emissions | G82: ='GHG Entry'!A16 | H82: Biochar transportation | I82: =Component!D76 * Datapoint!E282 | J82: =Component!E76 * Datapoint!E282 | K82: =Component!D76 | L82: partial | M82: =Datapoint!E282 | N82: =Datapoint!A282 | O82: activity
A83: rvc_1KXGK2Y3V1S0ATXT | B83: =Component!A77 | C83: Biochar Production Emission (A) | E83: mass_based_ci_emissions | F83: Mass-based CI emissions | G83: ='GHG Entry'!A16 | H83: Biochar production | I83: =Component!D77 * Datapoint!E283 | J83: =Component!E77 * Datapoint!E283 | K83: =Component!D77 | L83: partial | M83: =Datapoint!E283 | N83: =Datapoint!A283 | O83: activity
A84: rvc_1KXGK2Y3V1S0FWAV | B84: =Component!A78 | C84: CO Flatbed Truck Transport Process Emissions | E84: transport | F84: Transport emissions | G84: ='GHG Entry'!A16 | H84: Biochar transportation | I84: =Component!D78 * Datapoint!E279 | J84: =Component!E78 * Datapoint!E279 | K84: =Component!D78 | L84: partial | M84: =Datapoint!E279 | N84: =Datapoint!A279 | O84: activity
A85: rvc_1KXGK2Y3V1S0W7F6 | B85: =Component!A79 | C85: Biochar Spreading Emissions | E85: mass_based_ci_emissions | F85: Mass-based CI emissions | G85: ='GHG Entry'!A16 | H85: Biochar storage | I85: =Component!D79 * Datapoint!E280 | J85: =Component!E79 * Datapoint!E280 | K85: =Component!D79 | L85: partial | M85: =Datapoint!E280 | N85: =Datapoint!A280 | O85: activity
A86: rvc_1KXGK2Y3V1S0YFSF | B86: =Component!A80 | C86: Biochar sequestration, 200 year durability | E86: biochar_sequestration_200_year_c_org | F86: Biochar sequestration, 200 year durability | G86: ='GHG Entry'!A16 | H86: Biochar storage | I86: =Component!D80 * Datapoint!E281 | J86: =Component!E80 * Datapoint!E281 | K86: =Component!D80 | L86: partial | M86: =Datapoint!E281 | N86: =Datapoint!A281 | O86: sequestration
A87: rvc_1KXGRVNQ41S05Y63 | B87: =Component!A101 | C87: BCU - Transport Process | E87: constant_reduction | F87: Constant CO₂ reduction | G87: ='GHG Entry'!A16 | H87: Biochar transportation | I87: =Component!D101 * Datapoint!E358 | J87: =Component!E101 * Datapoint!E358 | K87: =Component!D101 | L87: partial | M87: =Datapoint!E358 | N87: =Datapoint!A358 | O87: adjustment
A88: rvc_1KXGK3HP81S01D5C | B88: =Component!A81 | C88: CO Flatbed Truck Transport Embodied Emissions | E88: distance_based_ci_emissions | F88: Distance-based emissions | G88: ='GHG Entry'!A17 | H88: Biochar transportation | I88: =Component!D81 * Datapoint!E301 | J88: =Component!E81 * Datapoint!E301 | K88: =Component!D81 | L88: partial | M88: =Datapoint!E301 | N88: =Datapoint!A301 | O88: activity
A89: rvc_1KXGK3HP81S08PWP | B89: =Component!A82 | C89: Biochar Production Emission (A) | E89: mass_based_ci_emissions | F89: Mass-based CI emissions | G89: ='GHG Entry'!A17 | H89: Biochar production | I89: =Component!D82 * Datapoint!E302 | J89: =Component!E82 * Datapoint!E302 | K89: =Component!D82 | L89: partial | M89: =Datapoint!E302 | N89: =Datapoint!A302 | O89: activity
A90: rvc_1KXGK3HP81S0DR9Q | B90: =Component!A83 | C90: CO Flatbed Truck Transport Process Emissions | E90: transport | F90: Transport emissions | G90: ='GHG Entry'!A17 | H90: Biochar transportation | I90: =Component!D83 * Datapoint!E298 | J90: =Component!E83 * Datapoint!E298 | K90: =Component!D83 | L90: partial | M90: =Datapoint!E298 | N90: =Datapoint!A298 | O90: activity
A91: rvc_1KXGK3HP81S0T3E2 | B91: =Component!A84 | C91: Biochar Spreading Emissions | E91: mass_based_ci_emissions | F91: Mass-based CI emissions | G91: ='GHG Entry'!A17 | H91: Biochar storage | I91: =Component!D84 * Datapoint!E299 | J91: =Component!E84 * Datapoint!E299 | K91: =Component!D84 | L91: partial | M91: =Datapoint!E299 | N91: =Datapoint!A299 | O91: activity
A92: rvc_1KXGK3HP81S0WBRB | B92: =Component!A85 | C92: Biochar sequestration, 200 year durability | E92: biochar_sequestration_200_year_c_org | F92: Biochar sequestration, 200 year durability | G92: ='GHG Entry'!A17 | H92: Biochar storage | I92: =Component!D85 * Datapoint!E300 | J92: =Component!E85 * Datapoint!E300 | K92: =Component!D85 | L92: partial | M92: =Datapoint!E300 | N92: =Datapoint!A300 | O92: sequestration
A93: rvc_1KYA8D23J1S0FHR5 | B93: =Component!A172 | C93: BCU - Transport Process | E93: constant_reduction | F93: Constant CO₂ reduction | G93: ='GHG Entry'!A17 | H93: Biochar storage | I93: =Component!D172 * Datapoint!E608 | J93: =Component!E172 * Datapoint!E608 | K93: =Component!D172 | L93: partial | M93: =Datapoint!E608 | N93: =Datapoint!A608 | O93: adjustment | P93: 46179 | Q93: 46179
A94: rvc_1KXGK45BZ1S06JVJ | B94: =Component!A86 | C94: Biochar Production Emission (A) | E94: mass_based_ci_emissions | F94: Mass-based CI emissions | G94: ='GHG Entry'!A18 | H94: Biochar production | I94: =Component!D86 * Datapoint!E320 | J94: =Component!E86 * Datapoint!E320 | K94: =Component!D86 | L94: partial | M94: =Datapoint!E320 | N94: =Datapoint!A320 | O94: activity
A95: rvc_1KXGK45BZ1S0BM8K | B95: =Component!A87 | C95: CO Flatbed Truck Transport Process Emissions | E95: transport | F95: Transport emissions | G95: ='GHG Entry'!A18 | H95: Biochar transportation | I95: =Component!D87 * Datapoint!E321 | J95: =Component!E87 * Datapoint!E321 | K95: =Component!D87 | L95: partial | M95: =Datapoint!E321 | N95: =Datapoint!A321 | O95: activity
A96: rvc_1KXGK45BZ1S0QZCY | B96: =Component!A88 | C96: Biochar Spreading Emissions | E96: mass_based_ci_emissions | F96: Mass-based CI emissions | G96: ='GHG Entry'!A18 | H96: Biochar storage | I96: =Component!D88 * Datapoint!E317 | J96: =Component!E88 * Datapoint!E317 | K96: =Component!D88 | L96: partial | M96: =Datapoint!E317 | N96: =Datapoint!A317 | O96: activity
A97: rvc_1KXGK45BZ1S0T7Q7 | B97: =Component!A89 | C97: Biochar sequestration, 200 year durability | E97: biochar_sequestration_200_year_c_org | F97: Biochar sequestration, 200 year durability | G97: ='GHG Entry'!A18 | H97: Biochar storage | I97: =Component!D89 * Datapoint!E318 | J97: =Component!E89 * Datapoint!E318 | K97: =Component!D89 | L97: partial | M97: =Datapoint!E318 | N97: =Datapoint!A318 | O97: sequestration
A98: rvc_1KXGK45BZ1S0Z948 | B98: =Component!A90 | C98: CO Flatbed Truck Transport Embodied Emissions | E98: distance_based_ci_emissions | F98: Distance-based emissions | G98: ='GHG Entry'!A18 | H98: Biochar transportation | I98: =Component!D90 * Datapoint!E319 | J98: =Component!E90 * Datapoint!E319 | K98: =Component!D90 | L98: partial | M98: =Datapoint!E319 | N98: =Datapoint!A319 | O98: activity
A99: rvc_1KXGRA8D41S041BW | B99: =Component!A100 | C99: BCU - Transport Process | E99: constant_reduction | F99: Constant CO₂ reduction | G99: ='GHG Entry'!A18 | H99: Biochar transportation | I99: =Component!D100 * Datapoint!E356 | J99: =Component!E100 * Datapoint!E356 | K99: =Component!D100 | L99: partial | M99: =Datapoint!E356 | N99: =Datapoint!A356 | O99: adjustment
A100: rvc_1KXGK4R131S04ZJX | B100: =Component!A91 | C100: CO Flatbed Truck Transport Process Emissions | E100: transport | F100: Transport emissions | G100: ='GHG Entry'!A19 | H100: Biochar transportation | I100: =Component!D91 * Datapoint!E337 | J100: =Component!E91 * Datapoint!E337 | K100: =Component!D91 | L100: partial | M100: =Datapoint!E337 | N100: =Datapoint!A337 | O100: activity
A101: rvc_1KXGK4R131S0HAQ8 | B101: =Component!A92 | C101: Biochar Spreading Emissions | E101: mass_based_ci_emissions | F101: Mass-based CI emissions | G101: ='GHG Entry'!A19 | H101: Biochar storage | I101: =Component!D92 * Datapoint!E334 | J101: =Component!E92 * Datapoint!E334 | K101: =Component!D92 | L101: partial | M101: =Datapoint!E334 | N101: =Datapoint!A334 | O101: activity
...

Sheet Component
A1: Component ID | B1: Blueprint Key | C1: Blueprint Name | D1: CO2 Flux in kg | E1: CO₂e uncertainty (kg) | F1: Component Type | G1: Component Scope | H1: Display Name | I1: Description | J1: Date Activity Started | K1: Date Activity Completed | L1: Supplier reference ID
A3: cmp_1KWCC0FY31S00Z7D | B3: mass_based_ci_emissions | C3: Mass-based CI emissions | D3: =Expression!E464 | E3: =Expression!F464 | F3: activity | G3: removal | H3: Biochar Spreading Emissions
A4: cmp_1KWCC0FY31S037HP | B4: biochar_sequestration_200_year_c_org | C4: Biochar sequestration, 200 year durability | D4: =Expression!E475 | E4: =Expression!F475 | F4: sequestration | G4: removal | H4: Biochar sequestration, 200 year durability
A5: cmp_1KWCC0FY31S088YQ | B5: distance_based_ci_emissions | C5: Distance-based emissions | D5: =Expression!E196 | E5: =Expression!F196 | F5: activity | G5: removal | H5: CO Flatbed Truck Transport Embodied Emissions
A6: cmp_1KWCC0FY31S0FJP1 | B6: mass_based_ci_emissions | C6: Mass-based CI emissions | D6: =Expression!E257 | E6: =Expression!F257 | F6: activity | G6: removal | H6: Biochar Production Emission (A)
A7: cmp_1KWCC0FY31S0MM32 | B7: transport | C7: Transport emissions | D7: =Expression!E157 | E7: =Expression!F157 | F7: activity | G7: removal | H7: CO Flatbed Truck Transport Process Emissions
A8: cmp_1KWCSDFQF1S04YWJ | B8: mass_based_ci_emissions | C8: Mass-based CI emissions | D8: =Expression!E155 | E8: =Expression!F155 | F8: activity | G8: removal | H8: Biochar Production Emission (A)
A9: cmp_1KWCSDFQF1S0A09K | B9: transport | C9: Transport emissions | D9: =Expression!E23 | E9: =Expression!F23 | F9: activity | G9: removal | H9: CO Flatbed Truck Transport Process Emissions
A10: cmp_1KWCSDFQF1S0PBDY | B10: mass_based_ci_emissions | C10: Mass-based CI emissions | D10: =Expression!E123 | E10: =Expression!F123 | F10: activity | G10: removal | H10: Biochar Spreading Emissions
A11: cmp_1KWCSDFQF1S0RKR7 | B11: biochar_sequestration_200_year_c_org | C11: Biochar sequestration, 200 year durability | D11: =Expression!E397 | E11: =Expression!F397 | F11: sequestration | G11: removal | H11: Biochar sequestration, 200 year durability
A12: cmp_1KWCSDFQF1S0XN58 | B12: distance_based_ci_emissions | C12: Distance-based emissions | D12: =Expression!E365 | E12: =Expression!F365 | F12: activity | G12: removal | H12: CO Flatbed Truck Transport Embodied Emissions
A13: cmp_1KWCY0G8W1S018J1 | B13: mass_based_ci_emissions | C13: Mass-based CI emissions | D13: =Expression!E442 | E13: =Expression!F442 | F13: activity | G13: removal | H13: Biochar Production Emission (A)
A14: cmp_1KWCY0G8W1S069Z2 | B14: transport | C14: Transport emissions | D14: =Expression!E336 | E14: =Expression!F336 | F14: activity | G14: removal | H14: CO Flatbed Truck Transport Process Emissions
A15: cmp_1KWCY0G8W1S0JN3D | B15: mass_based_ci_emissions | C15: Mass-based CI emissions | D15: =Expression!E220 | E15: =Expression!F220 | F15: activity | G15: removal | H15: Biochar Spreading Emissions
A16: cmp_1KWCY0G8W1S0MXDP | B16: biochar_sequestration_200_year_c_org | C16: Biochar sequestration, 200 year durability | D16: =Expression!E529 | E16: =Expression!F529 | F16: sequestration | G16: removal | H16: Biochar sequestration, 200 year durability
A17: cmp_1KWCY0G8W1S0SYTQ | B17: distance_based_ci_emissions | C17: Distance-based emissions | D17: =Expression!E270 | E17: =Expression!F270 | F17: activity | G17: removal | H17: CO Flatbed Truck Transport Embodied Emissions
A18: cmp_1KWCZP1M61S0C5P4 | B18: mass_based_ci_emissions | C18: Mass-based CI emissions | D18: =Expression!E89 | E18: =Expression!F89 | F18: activity | G18: removal | H18: Biochar Spreading Emissions
A19: cmp_1KWCZP1M61S0EE0D | B19: biochar_sequestration_200_year_c_org | C19: Biochar sequestration, 200 year durability | D19: =Expression!E120 | E19: =Expression!F120 | F19: sequestration | G19: removal | H19: Biochar sequestration, 200 year durability
A20: cmp_1KWCZP1M61S0KFDE | B20: distance_based_ci_emissions | C20: Distance-based emissions | D20: =Expression!E428 | E20: =Expression!F428 | F20: activity | G20: removal | H20: CO Flatbed Truck Transport Embodied Emissions
A21: cmp_1KWCZP1M61S0TS4R | B21: mass_based_ci_emissions | C21: Mass-based CI emissions | D21: =Expression!E22 | E21: =Expression!F22 | F21: activity | G21: removal | H21: Biochar Production Emission (A)
A22: cmp_1KWCZP1M61S0ZTHS | B22: transport | C22: Transport emissions | D22: =Expression!E66 | E22: =Expression!F66 | F22: activity | G22: removal | H22: CO Flatbed Truck Transport Process Emissions
A23: cmp_1KXE4AHAG1S02RGH | B23: mass_based_ci_emissions | C23: Mass-based CI emissions | D23: =Expression!E156 | E23: =Expression!F156 | F23: activity | G23: removal | H23: Biochar Production Emission (A)
A24: cmp_1KXE4AHAG1S07SXJ | B24: transport | C24: Transport emissions | D24: =Expression!E510 | E24: =Expression!F510 | F24: activity | G24: removal | H24: CO Flatbed Truck Transport Process Emissions
A25: cmp_1KXE4AHAG1S0M51X | B25: mass_based_ci_emissions | C25: Mass-based CI emissions | D25: =Expression!E350 | E25: =Expression!F350 | F25: activity | G25: removal | H25: Biochar Spreading Emissions
A26: cmp_1KXE4AHAG1S0PDC6 | B26: biochar_sequestration_200_year_c_org | C26: Biochar sequestration, 200 year durability | D26: =Expression!E168 | E26: =Expression!F168 | F26: sequestration | G26: removal | H26: Biochar sequestration, 200 year durability
A27: cmp_1KXE4AHAG1S0VES7 | B27: distance_based_ci_emissions | C27: Distance-based emissions | D27: =Expression!E213 | E27: =Expression!F213 | F27: activity | G27: removal | H27: CO Flatbed Truck Transport Embodied Emissions
A28: cmp_1KXE9RCXD1S0GF3H | B28: constant_reduction | C28: Constant CO₂ reduction | D28: =Expression!E6 | E28: =Expression!F6 | F28: adjustment | G28: removal | H28: BCU - Transport Process
A29: cmp_1KXEA1TH21S01ND8 | B29: transport | C29: Transport emissions | D29: =Expression!E477 | E29: =Expression!F477 | F29: activity | G29: removal | H29: CO Flatbed Truck Transport Process Emissions
A30: cmp_1KXEA1TH21S0E0HK | B30: mass_based_ci_emissions | C30: Mass-based CI emissions | D30: =Expression!E209 | E30: =Expression!F209 | F30: activity | G30: removal | H30: Biochar Spreading Emissions
A31: cmp_1KXEA1TH21S0G8VW | B31: biochar_sequestration_200_year_c_org | C31: Biochar sequestration, 200 year durability | D31: =Expression!E347 | E31: =Expression!F347 | F31: sequestration | G31: removal | H31: Biochar sequestration, 200 year durability
A32: cmp_1KXEA1TH21S0NA8X | B32: distance_based_ci_emissions | C32: Distance-based emissions | D32: =Expression!E87 | E32: =Expression!F87 | F32: activity | G32: removal | H32: CO Flatbed Truck Transport Embodied Emissions
A33: cmp_1KXEA1TH21S0WM07 | B33: mass_based_ci_emissions | C33: Mass-based CI emissions | D33: =Expression!E449 | E33: =Expression!F449 | F33: activity | G33: removal | H33: Biochar Production Emission (A)
A34: cmp_1KXEA3E4Q1S0VC7M | B34: constant_reduction | C34: Constant CO₂ reduction | D34: =Expression!E426 | E34: =Expression!F426 | F34: adjustment | G34: removal | H34: BCU - Transport Process
A35: cmp_1KXEB42X91S0VGGS | B35: constant_reduction | C35: Constant CO₂ reduction | D35: =Expression!E169 | E35: =Expression!F169 | F35: adjustment | G35: removal | H35: BCU - Transport Process
A36: cmp_1KXEBV2PW1S02CSH | B36: mass_based_ci_emissions | C36: Mass-based CI emissions | D36: =Expression!E181 | E36: =Expression!F181 | F36: activity | G36: removal | H36: Biochar Production Emission (A)
A37: cmp_1KXEBV2PW1S07E6J | B37: transport | C37: Transport emissions | D37: =Expression!E452 | E37: =Expression!F452 | F37: activity | G37: removal | H37: CO Flatbed Truck Transport Process Emissions
A38: cmp_1KXEBV2PW1S0KSAX | B38: mass_based_ci_emissions | C38: Mass-based CI emissions | D38: =Expression!E372 | E38: =Expression!F372 | F38: activity | G38: removal | H38: Biochar Spreading Emissions
A39: cmp_1KXEBV2PW1S0P1N6 | B39: biochar_sequestration_200_year_c_org | C39: Biochar sequestration, 200 year durability | D39: =Expression!E463 | E39: =Expression!F463 | F39: sequestration | G39: removal | H39: Biochar sequestration, 200 year durability
A40: cmp_1KXEBV2PW1S0V327 | B40: distance_based_ci_emissions | C40: Distance-based emissions | D40: =Expression!E108 | E40: =Expression!F108 | F40: activity | G40: removal | H40: CO Flatbed Truck Transport Embodied Emissions
A41: cmp_1KXEBZVFK1S00M8F | B41: constant_reduction | C41: Constant CO₂ reduction | D41: =Expression!E515 | E41: =Expression!F515 | F41: adjustment | G41: removal | H41: BCU - Transport Process
A42: cmp_1KXECAV741S00D1J | B42: mass_based_ci_emissions | C42: Mass-based CI emissions | D42: =Expression!E351 | E42: =Expression!F351 | F42: activity | G42: removal | H42: Biochar Production Emission (A)
A43: cmp_1KXECAV741S05EEK | B43: transport | C43: Transport emissions | D43: =Expression!E507 | E43: =Expression!F507 | F43: activity | G43: removal | H43: CO Flatbed Truck Transport Process Emissions
A44: cmp_1KXECAV741S0HSJY | B44: mass_based_ci_emissions | C44: Mass-based CI emissions | D44: =Expression!E255 | E44: =Expression!F255 | F44: activity | G44: removal | H44: Biochar Spreading Emissions
A45: cmp_1KXECAV741S0M1X7 | B45: biochar_sequestration_200_year_c_org | C45: Biochar sequestration, 200 year durability | D45: =Expression!E283 | E45: =Expression!F283 | F45: sequestration | G45: removal | H45: Biochar sequestration, 200 year durability
A46: cmp_1KXECAV741S0S3A8 | B46: distance_based_ci_emissions | C46: Distance-based emissions | D46: =Expression!E441 | E46: =Expression!F441 | F46: activity | G46: removal | H46: CO Flatbed Truck Transport Embodied Emissions
A47: cmp_1KXECGAQV1S0K4NE | B47: constant_reduction | C47: Constant CO₂ reduction | D47: =Expression!E301 | E47: =Expression!F301 | F47: adjustment | G47: removal | H47: BCU - Transport Process
A48: cmp_1KXEHAAVZ1S05FT0 | B48: mass_based_ci_emissions | C48: Mass-based CI emissions | D48: =Expression!E229 | E48: =Expression!F229 | F48: activity | G48: removal | H48: Biochar Spreading Emissions
A49: cmp_1KXEHAAVZ1S07R49 | B49: biochar_sequestration_200_year_c_org | C49: Biochar sequestration, 200 year durability | D49: =Expression!E193 | E49: =Expression!F193 | F49: sequestration | G49: removal | H49: Biochar sequestration, 200 year durability
A50: cmp_1KXEHAAVZ1S0CSHA | B50: distance_based_ci_emissions | C50: Distance-based emissions | D50: =Expression!E425 | E50: =Expression!F425 | F50: activity | G50: removal | H50: CO Flatbed Truck Transport Embodied Emissions
A51: cmp_1KXEHAAVZ1S0M38M | B51: mass_based_ci_emissions | C51: Mass-based CI emissions | D51: =Expression!E476 | E51: =Expression!F476 | F51: activity | G51: removal | H51: Biochar Production Emission (A)
A52: cmp_1KXEHAAVZ1S0S4NN | B52: transport | C52: Transport emissions | D52: =Expression!E254 | E52: =Expression!F254 | F52: activity | G52: removal | H52: CO Flatbed Truck Transport Process Emissions
A53: cmp_1KXEHM2ZW1S0G6PE | B53: constant_reduction | C53: Constant CO₂ reduction | D53: =Expression!E122 | E53: =Expression!F122 | F53: adjustment | G53: removal | H53: BCU - Transport Process
A54: cmp_1KXEJCGYM1S01QGZ | B54: mass_based_ci_emissions | C54: Mass-based CI emissions | D54: =Expression!E173 | E54: =Expression!F173 | F54: activity | G54: removal | H54: Biochar Production Emission (A)
A55: cmp_1KXEJCGYM1S06RY0 | B55: transport | C55: Transport emissions | D55: =Expression!E369 | E55: =Expression!F369 | F55: activity | G55: removal | H55: CO Flatbed Truck Transport Process Emissions
A56: cmp_1KXEJCGYM1S0K42B | B56: mass_based_ci_emissions | C56: Mass-based CI emissions | D56: =Expression!E179 | E56: =Expression!F179 | F56: activity | G56: removal | H56: Biochar Spreading Emissions
A57: cmp_1KXEJCGYM1S0NCCM | B57: biochar_sequestration_200_year_c_org | C57: Biochar sequestration, 200 year durability | D57: =Expression!E36 | E57: =Expression!F36 | F57: sequestration | G57: removal | H57: Biochar sequestration, 200 year durability
A58: cmp_1KXEJCGYM1S0TDSN | B58: distance_based_ci_emissions | C58: Distance-based emissions | D58: =Expression!E80 | E58: =Expression!F80 | F58: activity | G58: removal | H58: CO Flatbed Truck Transport Embodied Emissions
A59: cmp_1KXEJD28G1S04MWW | B59: transport | C59: Transport emissions | D59: =Expression!E84 | E59: =Expression!F84 | F59: activity | G59: removal | H59: CO Flatbed Truck Transport Process Emissions
A60: cmp_1KXEJD28G1S0H017 | B60: mass_based_ci_emissions | C60: Mass-based CI emissions | D60: =Expression!E174 | E60: =Expression!F174 | F60: activity | G60: removal | H60: Biochar Spreading Emissions
A61: cmp_1KXEJD28G1S0K8BG | B61: biochar_sequestration_200_year_c_org | C61: Biochar sequestration, 200 year durability | D61: =Expression!E101 | E61: =Expression!F101 | F61: sequestration | G61: removal | H61: Biochar sequestration, 200 year durability
A62: cmp_1KXEJD28G1S0R9RH | B62: distance_based_ci_emissions | C62: Distance-based emissions | D62: =Expression!E509 | E62: =Expression!F509 | F62: activity | G62: removal | H62: CO Flatbed Truck Transport Embodied Emissions
A63: cmp_1KXEJD28G1S0ZKFV | B63: mass_based_ci_emissions | C63: Mass-based CI emissions | D63: =Expression!E25 | E63: =Expression!F25 | F63: activity | G63: removal | H63: Biochar Production Emission (A)
A64: cmp_1KXEJDSXH1S0YBQ8 | B64: constant_reduction | C64: Constant CO₂ reduction | D64: =Expression!E446 | E64: =Expression!F446 | F64: adjustment | G64: removal | H64: BCU - Transport Process
A65: cmp_1KXERCP431S0425X | B65: mass_based_ci_emissions | C65: Mass-based CI emissions | D65: =Expression!E445 | E65: =Expression!F445 | F65: activity | G65: removal | H65: Biochar Spreading Emissions
A66: cmp_1KXERCP431S06AG6 | B66: biochar_sequestration_200_year_c_org | C66: Biochar sequestration, 200 year durability | D66: =Expression!E18 | E66: =Expression!F18 | F66: sequestration | G66: removal | H66: Biochar sequestration, 200 year durability
A67: cmp_1KXERCP431S0BBX7 | B67: distance_based_ci_emissions | C67: Distance-based emissions | D67: =Expression!E513 | E67: =Expression!F513 | F67: activity | G67: removal | H67: CO Flatbed Truck Transport Embodied Emissions
A68: cmp_1KXERCP431S0JNMH | B68: mass_based_ci_emissions | C68: Mass-based CI emissions | D68: =Expression!E24 | E68: =Expression!F24 | F68: activity | G68: removal | H68: Biochar Production Emission (A)
A69: cmp_1KXERCP431S0QQ1J | B69: transport | C69: Transport emissions | D69: =Expression!E204 | E69: =Expression!F204 | F69: activity | G69: removal | H69: CO Flatbed Truck Transport Process Emissions
A70: cmp_1KXERD7151S01Y4S | B70: mass_based_ci_emissions | C70: Mass-based CI emissions | D70: =Expression!E223 | E70: =Expression!F223 | F70: activity | G70: removal | H70: Biochar Spreading Emissions
A71: cmp_1KXERD7151S046F2 | B71: biochar_sequestration_200_year_c_org | C71: Biochar sequestration, 200 year durability | D71: =Expression!E312 | E71: =Expression!F312 | F71: sequestration | G71: removal | H71: Biochar sequestration, 200 year durability
A72: cmp_1KXERD7151S097W3 | B72: distance_based_ci_emissions | C72: Distance-based emissions | D72: =Expression!E20 | E72: =Expression!F20 | F72: activity | G72: removal | H72: CO Flatbed Truck Transport Embodied Emissions
A73: cmp_1KXERD7151S0GHKD | B73: mass_based_ci_emissions | C73: Mass-based CI emissions | D73: =Expression!E82 | E73: =Expression!F82 | F73: activity | G73: removal | H73: Biochar Production Emission (A)
A74: cmp_1KXERD7151S0NK0E | B74: transport | C74: Transport emissions | D74: =Expression!E494 | E74: =Expression!F494 | F74: activity | G74: removal | H74: CO Flatbed Truck Transport Process Emissions
A75: cmp_1KXERHFPF1S0CGR2 | B75: constant_reduction | C75: Constant CO₂ reduction | D75: =Expression!E151 | E75: =Expression!F151 | F75: adjustment | G75: removal | H75: BCU - Transport Process
A76: cmp_1KXGK2Y3V1S02NX7 | B76: distance_based_ci_emissions | C76: Distance-based emissions | D76: =Expression!E218 | E76: =Expression!F218 | F76: activity | G76: removal | H76: CO Flatbed Truck Transport Embodied Emissions
A77: cmp_1KXGK2Y3V1S09ZMH | B77: mass_based_ci_emissions | C77: Mass-based CI emissions | D77: =Expression!E124 | E77: =Expression!F124 | F77: activity | G77: removal | H77: Biochar Production Emission (A)
A78: cmp_1KXGK2Y3V1S0F11J | B78: transport | C78: Transport emissions | D78: =Expression!E451 | E78: =Expression!F451 | F78: activity | G78: removal | H78: CO Flatbed Truck Transport Process Emissions
A79: cmp_1KXGK2Y3V1S0VC5X | B79: mass_based_ci_emissions | C79: Mass-based CI emissions | D79: =Expression!E373 | E79: =Expression!F373 | F79: activity | G79: removal | H79: Biochar Spreading Emissions
A80: cmp_1KXGK2Y3V1S0XMG6 | B80: biochar_sequestration_200_year_c_org | C80: Biochar sequestration, 200 year durability | D80: =Expression!E149 | E80: =Expression!F149 | F80: sequestration | G80: removal | H80: Biochar sequestration, 200 year durability
A81: cmp_1KXGK3HP81S00HW3 | B81: distance_based_ci_emissions | C81: Distance-based emissions | D81: =Expression!E518 | E81: =Expression!F518 | F81: activity | G81: removal | H81: CO Flatbed Truck Transport Embodied Emissions
A82: cmp_1KXGK3HP81S07VKD | B82: mass_based_ci_emissions | C82: Mass-based CI emissions | D82: =Expression!E210 | E82: =Expression!F210 | F82: activity | G82: removal | H82: Biochar Production Emission (A)
A83: cmp_1KXGK3HP81S0CX0E | B83: transport | C83: Transport emissions | D83: =Expression!E219 | E83: =Expression!F219 | F83: activity | G83: removal | H83: CO Flatbed Truck Transport Process Emissions
A84: cmp_1KXGK3HP81S0S84S | B84: mass_based_ci_emissions | C84: Mass-based CI emissions | D84: =Expression!E224 | E84: =Expression!F224 | F84: activity | G84: removal | H84: Biochar Spreading Emissions
A85: cmp_1KXGK3HP81S0VGF2 | B85: biochar_sequestration_200_year_c_org | C85: Biochar sequestration, 200 year durability | D85: =Expression!E335 | E85: =Expression!F335 | F85: sequestration | G85: removal | H85: Biochar sequestration, 200 year durability
A86: cmp_1KXGK45BZ1S05QJ9 | B86: mass_based_ci_emissions | C86: Mass-based CI emissions | D86: =Expression!E198 | E86: =Expression!F198 | F86: activity | G86: removal | H86: Biochar Production Emission (A)
A87: cmp_1KXGK45BZ1S0ARZA | B87: transport | C87: Transport emissions | D87: =Expression!E182 | E87: =Expression!F182 | F87: activity | G87: removal | H87: CO Flatbed Truck Transport Process Emissions
A88: cmp_1KXGK45BZ1S0Q43N | B88: mass_based_ci_emissions | C88: Mass-based CI emissions | D88: =Expression!E226 | E88: =Expression!F226 | F88: activity | G88: removal | H88: Biochar Spreading Emissions
A89: cmp_1KXGK45BZ1S0SCDY | B89: biochar_sequestration_200_year_c_org | C89: Biochar sequestration, 200 year durability | D89: =Expression!E52 | E89: =Expression!F52 | F89: sequestration | G89: removal | H89: Biochar sequestration, 200 year durability
A90: cmp_1KXGK45BZ1S0YDTZ | B90: distance_based_ci_emissions | C90: Distance-based emissions | D90: =Expression!E4 | E90: =Expression!F4 | F90: activity | G90: removal | H90: CO Flatbed Truck Transport Embodied Emissions
A91: cmp_1KXGK4R131S06CKX | B91: transport | C91: Transport emissions | D91: =Expression!E284 | E91: =Expression!F284 | F91: activity | G91: removal | H91: CO Flatbed Truck Transport Process Emissions
A92: cmp_1KXGK4R131S0JQR8 | B92: mass_based_ci_emissions | C92: Mass-based CI emissions | D92: =Expression!E194 | E92: =Expression!F194 | F92: activity | G92: removal | H92: Biochar Spreading Emissions
A93: cmp_1KXGK4R131S0N02H | B93: biochar_sequestration_200_year_c_org | C93: Biochar sequestration, 200 year durability | D93: =Expression!E439 | E93: =Expression!F439 | F93: sequestration | G93: removal | H93: Biochar sequestration, 200 year durability
A94: cmp_1KXGK4R131S0T1FJ | B94: distance_based_ci_emissions | C94: Distance-based emissions | D94: =Expression!E349 | E94: =Expression!F349 | F94: activity | G94: removal | H94: CO Flatbed Truck Transport Embodied Emissions
A95: cmp_1KXGK5BMT1S0208G | B95: distance_based_ci_emissions | C95: Distance-based emissions | D95: =Expression!E203 | E95: =Expression!F203 | F95: activity | G95: removal | H95: CO Flatbed Truck Transport Embodied Emissions
A96: cmp_1KXGK5BMT1S0EBCV | B96: transport | C96: Transport emissions | D96: =Expression!E225 | E96: =Expression!F225 | F96: activity | G96: removal | H96: CO Flatbed Truck Transport Process Emissions
A97: cmp_1KXGK5BMT1S0TPH6 | B97: mass_based_ci_emissions | C97: Mass-based CI emissions | D97: =Expression!E375 | E97: =Expression!F375 | F97: activity | G97: removal | H97: Biochar Spreading Emissions
A98: cmp_1KXGK5BMT1S0WYVF | B98: biochar_sequestration_200_year_c_org | C98: Biochar sequestration, 200 year durability | D98: =Expression!E242 | E98: =Expression!F242 | F98: sequestration | G98: removal | H98: Biochar sequestration, 200 year durability
A99: cmp_1KXGKF6PX1S0PNNV | B99: constant_reduction | C99: Constant CO₂ reduction | D99: =Expression!E175 | E99: =Expression!F175 | F99: adjustment | G99: removal | H99: BCU - Transport Process
A100: cmp_1KXGRA8D41S01S1K | B100: constant_reduction | C100: Constant CO₂ reduction | D100: =Expression!E85 | E100: =Expression!F85 | F100: adjustment | G100: removal | H100: BCU - Transport Process
A101: cmp_1KXGRVNQ41S03NVT | B101: constant_reduction | C101: Constant CO₂ reduction | D101: =Expression!E222 | E101: =Expression!F222 | F101: adjustment | G101: removal | H101: BCU - Transport Process
...

Sheet Expression
A1: Expression ID | B1: Component ID | C1: Result Name | D1: Expression Template | E1: Result in SI Units | F1: Standard deviation in SI Units | G1: SI Units
A3: cmp_1KXGK45BZ1S0YDTZ_output | B3: =Component!A90 | C3: Distance-based emissions | D3: {cmp_1KXGK45BZ1S0YDTZ_distance} * {cmp_1KXGK45BZ1S0YDTZ_carbon_intensity} | E3: =Datapoint!E316 * Datapoint!E315 | F3: 0 | G3: kg
A4: cmp_1KXGK45BZ1S0YDTZ_component_root | B4: =Component!A90 | C4: CO Flatbed Truck Transport Embodied Emissions | D4: {cmp_1KXGK45BZ1S0YDTZ_output} | E4: =Expression!E3 | F4: 0 | G4: kg
A5: cmp_1KYA8BFJ71S0EWPH_component_root | B5: =Component!A164 | C5: BCU - Transport Process | D5: {cmp_1KYA8BFJ71S0EWPH_constant_reduction} | E5: =Datapoint!E591 | F5: 0 | G5: kg
A6: cmp_1KXE9RCXD1S0GF3H_component_root | B6: =Component!A28 | C6: BCU - Transport Process | D6: {cmp_1KXE9RCXD1S0GF3H_constant_reduction} | E6: =Datapoint!E94 | F6: 0 | G6: kg
A7: cmp_1KXKP77Q21S05Y4C_component_root | B7: =Component!A112 | C7: CO Flatbed Truck Transport Process Emissions | D7: {cmp_1KXKP77Q21S05Y4C_mass} * {cmp_1KXKP77Q21S05Y4C_distance} * {cmp_1KXKP77Q21S05Y4C_carbon_intensity} | E7: =Datapoint!E405 * Datapoint!E404 * Datapoint!E403 | F7: 0 | G7: kg
A8: cmp_1KXERCP431S06AG6_soil_temp_delta | B8: =Component!A66 | C8: Difference in soil temp from 0 celsius | D8: {cmp_1KXERCP431S06AG6_soil_temp} - {cmp_1KXERCP431S06AG6_zero_degrees_celsius} | E8: =Datapoint!E230 - 273.15 | F8: 0 | G8: K
A9: cmp_1KXERCP431S06AG6_normalized_mean_soil_temp | B9: =Component!A66 | C9: Mean soil temperature in dimensionless units | D9: {cmp_1KXERCP431S06AG6_soil_temp_delta} / {cmp_1KXERCP431S06AG6_one_degree_celsius_delta} | E9: =Expression!E8 / 1.0 | F9: 0
A10: cmp_1KXERCP431S06AG6_log_mean_soil_temp | B10: =Component!A66 | C10: Natural log of mean soil temperature in dimensionless units | D10: ln({cmp_1KXERCP431S06AG6_normalized_mean_soil_temp}) | E10: 2.3887628 | F10: 0
A11: cmp_1KXERCP431S06AG6_h_c_ratio | B11: =Component!A66 | C11: H:C ratio | D11: mean({[cmp_1KXERCP431S06AG6_h_c_molar_ratios]}) | E11: 0.46333 | F11: 0
A12: cmp_1KXERCP431S06AG6_non_durable_fraction_calc | B12: =Component!A66 | C12: Non-durable fraction | D12: {cmp_1KXERCP431S06AG6_woolf_parameter_c} + ({cmp_1KXERCP431S06AG6_woolf_parameter_a} + {cmp_1KXERCP431S06AG6_woolf_parameter_b} * {cmp_1KXERCP431S06AG6_log_mean_soil_temp}) * {cmp_1KXERCP431S06AG6_h_c_ratio} | E12: =-0.048 + (-0.383 + 0.35 * Expression!E10) * Expression!E11 | F12: 0
A13: cmp_1KXERCP431S06AG6_durable_fraction_calc | B13: =Component!A66 | C13: Durable fraction | D13: complement_of({cmp_1KXERCP431S06AG6_non_durable_fraction_calc}) | E13: 0.83808048 | F13: 0
A14: cmp_1KXERCP431S06AG6_carbon_contents | B14: =Component!A66 | C14: Carbon content of biochar | D14: {[cmp_1KXERCP431S06AG6_total_carbon_contents]} - {[cmp_1KXERCP431S06AG6_inorganic_carbon_contents]} | E14: 85.66000000000001 | F14: 0 | G14: %
A15: cmp_1KXERCP431S06AG6_durable_fraction | B15: =Component!A66 | C15: Durable fraction | D15: min({cmp_1KXERCP431S06AG6_durable_fraction_calc}, {cmp_1KXERCP431S06AG6_max_durable_fraction}) | E15: 0.83808048 | F15: 0
A16: cmp_1KXERCP431S06AG6_mean_carbon_content | B16: =Component!A66 | C16: Mean carbon content | D16: mean({[cmp_1KXERCP431S06AG6_carbon_contents]}) | E16: 0.8566 | F16: 0
A17: cmp_1KXERCP431S06AG6_output | B17: =Component!A66 | C17: Biochar sequestration, 200 year durability | D17: {cmp_1KXERCP431S06AG6_product_mass} * {cmp_1KXERCP431S06AG6_mean_carbon_content} * {cmp_1KXERCP431S06AG6_durable_fraction} * {cmp_1KXERCP431S06AG6_co2e_of_carbon} | E17: =Datapoint!E229 * Expression!E16 * Expression!E15 * 3.667 | F17: 0 | G17: kg
A18: cmp_1KXERCP431S06AG6_component_root | B18: =Component!A66 | C18: Biochar sequestration, 200 year durability | D18: {cmp_1KXERCP431S06AG6_output} | E18: =Expression!E17 | F18: 0 | G18: kg
A19: cmp_1KXERD7151S097W3_output | B19: =Component!A72 | C19: Distance-based emissions | D19: {cmp_1KXERD7151S097W3_distance} * {cmp_1KXERD7151S097W3_carbon_intensity} | E19: =Datapoint!E257 * Datapoint!E256 | F19: 0 | G19: kg
A20: cmp_1KXERD7151S097W3_component_root | B20: =Component!A72 | C20: CO Flatbed Truck Transport Embodied Emissions | D20: {cmp_1KXERD7151S097W3_output} | E20: =Expression!E19 | F20: 0 | G20: kg
A21: cmp_1KY02PYB11S0YM3M_component_root | B21: =Component!A123 | C21: Biochar Spreading Emissions | D21: {cmp_1KY02PYB11S0YM3M_mass} * {cmp_1KY02PYB11S0YM3M_carbon_intensity} | E21: =Datapoint!E430 * Datapoint!E429 | F21: 0 | G21: kg
A22: cmp_1KWCZP1M61S0TS4R_component_root | B22: =Component!A21 | C22: Biochar Production Emission (A) | D22: {cmp_1KWCZP1M61S0TS4R_mass} * {cmp_1KWCZP1M61S0TS4R_carbon_intensity} | E22: =Datapoint!E65 * Datapoint!E64 | F22: 0 | G22: kg
A23: cmp_1KWCSDFQF1S0A09K_component_root | B23: =Component!A9 | C23: CO Flatbed Truck Transport Process Emissions | D23: {cmp_1KWCSDFQF1S0A09K_mass} * {cmp_1KWCSDFQF1S0A09K_distance} * {cmp_1KWCSDFQF1S0A09K_carbon_intensity} | E23: =Datapoint!E32 * Datapoint!E31 * Datapoint!E30 | F23: 0 | G23: kg
A24: cmp_1KXERCP431S0JNMH_component_root | B24: =Component!A68 | C24: Biochar Production Emission (A) | D24: {cmp_1KXERCP431S0JNMH_mass} * {cmp_1KXERCP431S0JNMH_carbon_intensity} | E24: =Datapoint!E233 * Datapoint!E232 | F24: 0 | G24: kg
A25: cmp_1KXEJD28G1S0ZKFV_component_root | B25: =Component!A63 | C25: Biochar Production Emission (A) | D25: {cmp_1KXEJD28G1S0ZKFV_mass} * {cmp_1KXEJD28G1S0ZKFV_carbon_intensity} | E25: =Datapoint!E212 * Datapoint!E211 | F25: 0 | G25: kg
A26: cmp_1KXEJCGYM1S0NCCM_soil_temp_delta | B26: =Component!A57 | C26: Difference in soil temp from 0 celsius | D26: {cmp_1KXEJCGYM1S0NCCM_soil_temp} - {cmp_1KXEJCGYM1S0NCCM_zero_degrees_celsius} | E26: =Datapoint!E190 - 273.15 | F26: 0 | G26: K
A27: cmp_1KXEJCGYM1S0NCCM_normalized_mean_soil_temp | B27: =Component!A57 | C27: Mean soil temperature in dimensionless units | D27: {cmp_1KXEJCGYM1S0NCCM_soil_temp_delta} / {cmp_1KXEJCGYM1S0NCCM_one_degree_celsius_delta} | E27: =Expression!E26 / 1.0 | F27: 0
A28: cmp_1KXEJCGYM1S0NCCM_log_mean_soil_temp | B28: =Component!A57 | C28: Natural log of mean soil temperature in dimensionless units | D28: ln({cmp_1KXEJCGYM1S0NCCM_normalized_mean_soil_temp}) | E28: 2.3887628 | F28: 0
A29: cmp_1KXEJCGYM1S0NCCM_h_c_ratio | B29: =Component!A57 | C29: H:C ratio | D29: mean({[cmp_1KXEJCGYM1S0NCCM_h_c_molar_ratios]}) | E29: 0.46 | F29: 0
A30: cmp_1KXEJCGYM1S0NCCM_non_durable_fraction_calc | B30: =Component!A57 | C30: Non-durable fraction | D30: {cmp_1KXEJCGYM1S0NCCM_woolf_parameter_c} + ({cmp_1KXEJCGYM1S0NCCM_woolf_parameter_a} + {cmp_1KXEJCGYM1S0NCCM_woolf_parameter_b} * {cmp_1KXEJCGYM1S0NCCM_log_mean_soil_temp}) * {cmp_1KXEJCGYM1S0NCCM_h_c_ratio} | E30: =-0.048 + (-0.383 + 0.35 * Expression!E28) * Expression!E29 | F30: 0
A31: cmp_1KXEJCGYM1S0NCCM_durable_fraction_calc | B31: =Component!A57 | C31: Durable fraction | D31: complement_of({cmp_1KXEJCGYM1S0NCCM_non_durable_fraction_calc}) | E31: 0.83958919 | F31: 0
A32: cmp_1KXEJCGYM1S0NCCM_carbon_contents | B32: =Component!A57 | C32: Carbon content of biochar | D32: {[cmp_1KXEJCGYM1S0NCCM_total_carbon_contents]} - {[cmp_1KXEJCGYM1S0NCCM_inorganic_carbon_contents]} | E32: 83.93299999999999 | F32: 0 | G32: %
A33: cmp_1KXEJCGYM1S0NCCM_durable_fraction | B33: =Component!A57 | C33: Durable fraction | D33: min({cmp_1KXEJCGYM1S0NCCM_durable_fraction_calc}, {cmp_1KXEJCGYM1S0NCCM_max_durable_fraction}) | E33: 0.83958919 | F33: 0
A34: cmp_1KXEJCGYM1S0NCCM_mean_carbon_content | B34: =Component!A57 | C34: Mean carbon content | D34: mean({[cmp_1KXEJCGYM1S0NCCM_carbon_contents]}) | E34: 0.83933 | F34: 0
A35: cmp_1KXEJCGYM1S0NCCM_output | B35: =Component!A57 | C35: Biochar sequestration, 200 year durability | D35: {cmp_1KXEJCGYM1S0NCCM_product_mass} * {cmp_1KXEJCGYM1S0NCCM_mean_carbon_content} * {cmp_1KXEJCGYM1S0NCCM_durable_fraction} * {cmp_1KXEJCGYM1S0NCCM_co2e_of_carbon} | E35: =Datapoint!E189 * Expression!E34 * Expression!E33 * 3.667 | F35: 0 | G35: kg
A36: cmp_1KXEJCGYM1S0NCCM_component_root | B36: =Component!A57 | C36: Biochar sequestration, 200 year durability | D36: {cmp_1KXEJCGYM1S0NCCM_output} | E36: =Expression!E35 | F36: 0 | G36: kg
A37: cmp_1KYABSMDG1S05BSD_component_root | B37: =Component!A181 | C37: Biochar Production Emission (A) | D37: {cmp_1KYABSMDG1S05BSD_mass} * {cmp_1KYABSMDG1S05BSD_carbon_intensity} | E37: =Datapoint!E630 * Datapoint!E629 | F37: 0 | G37: kg
A38: cmp_1KXKP77Q21S0J98Q_component_root | B38: =Component!A113 | C38: Biochar Spreading Emissions | D38: {cmp_1KXKP77Q21S0J98Q_mass} * {cmp_1KXKP77Q21S0J98Q_carbon_intensity} | E38: =Datapoint!E402 * Datapoint!E401 | F38: 0 | G38: kg
A39: cmp_1KY57M9F81S0MGC3_output | B39: =Component!A131 | C39: Distance-based emissions | D39: {cmp_1KY57M9F81S0MGC3_distance} * {cmp_1KY57M9F81S0MGC3_carbon_intensity} | E39: =Datapoint!E472 * Datapoint!E471 | F39: 0 | G39: kg
A40: cmp_1KY57M9F81S0MGC3_component_root | B40: =Component!A131 | C40: CO Flatbed Truck Transport Embodied Emissions | D40: {cmp_1KY57M9F81S0MGC3_output} | E40: =Expression!E39 | F40: 0 | G40: kg
A41: cmp_1KYA6ANEE1S0M34Q_component_root | B41: =Component!A149 | C41: CO Flatbed Truck Transport Process Emissions | D41: {cmp_1KYA6ANEE1S0M34Q_mass} * {cmp_1KYA6ANEE1S0M34Q_distance} * {cmp_1KYA6ANEE1S0M34Q_carbon_intensity} | E41: =Datapoint!E539 * Datapoint!E538 * Datapoint!E537 | F41: 0 | G41: kg
A42: cmp_1KXGK45BZ1S0SCDY_soil_temp_delta | B42: =Component!A89 | C42: Difference in soil temp from 0 celsius | D42: {cmp_1KXGK45BZ1S0SCDY_soil_temp} - {cmp_1KXGK45BZ1S0SCDY_zero_degrees_celsius} | E42: =Datapoint!E308 - 273.15 | F42: 0 | G42: K
A43: cmp_1KXGK45BZ1S0SCDY_normalized_mean_soil_temp | B43: =Component!A89 | C43: Mean soil temperature in dimensionless units | D43: {cmp_1KXGK45BZ1S0SCDY_soil_temp_delta} / {cmp_1KXGK45BZ1S0SCDY_one_degree_celsius_delta} | E43: =Expression!E42 / 1.0 | F43: 0
A44: cmp_1KXGK45BZ1S0SCDY_log_mean_soil_temp | B44: =Component!A89 | C44: Natural log of mean soil temperature in dimensionless units | D44: ln({cmp_1KXGK45BZ1S0SCDY_normalized_mean_soil_temp}) | E44: 2.3887628 | F44: 0
A45: cmp_1KXGK45BZ1S0SCDY_h_c_ratio | B45: =Component!A89 | C45: H:C ratio | D45: mean({[cmp_1KXGK45BZ1S0SCDY_h_c_molar_ratios]}) | E45: 0.41667 | F45: 0
A46: cmp_1KXGK45BZ1S0SCDY_non_durable_fraction_calc | B46: =Component!A89 | C46: Non-durable fraction | D46: {cmp_1KXGK45BZ1S0SCDY_woolf_parameter_c} + ({cmp_1KXGK45BZ1S0SCDY_woolf_parameter_a} + {cmp_1KXGK45BZ1S0SCDY_woolf_parameter_b} * {cmp_1KXGK45BZ1S0SCDY_log_mean_soil_temp}) * {cmp_1KXGK45BZ1S0SCDY_h_c_ratio} | E46: =-0.048 + (-0.383 + 0.35 * Expression!E44) * Expression!E45 | F46: 0
A47: cmp_1KXGK45BZ1S0SCDY_durable_fraction_calc | B47: =Component!A89 | C47: Durable fraction | D47: complement_of({cmp_1KXGK45BZ1S0SCDY_non_durable_fraction_calc}) | E47: 0.85922058 | F47: 0
A48: cmp_1KXGK45BZ1S0SCDY_carbon_contents | B48: =Component!A89 | C48: Carbon content of biochar | D48: {[cmp_1KXGK45BZ1S0SCDY_total_carbon_contents]} - {[cmp_1KXGK45BZ1S0SCDY_inorganic_carbon_contents]} | E48: 85.2667 | F48: 0 | G48: %
A49: cmp_1KXGK45BZ1S0SCDY_durable_fraction | B49: =Component!A89 | C49: Durable fraction | D49: min({cmp_1KXGK45BZ1S0SCDY_durable_fraction_calc}, {cmp_1KXGK45BZ1S0SCDY_max_durable_fraction}) | E49: 0.85922058 | F49: 0
A50: cmp_1KXGK45BZ1S0SCDY_mean_carbon_content | B50: =Component!A89 | C50: Mean carbon content | D50: mean({[cmp_1KXGK45BZ1S0SCDY_carbon_contents]}) | E50: 0.852667 | F50: 0
A51: cmp_1KXGK45BZ1S0SCDY_output | B51: =Component!A89 | C51: Biochar sequestration, 200 year durability | D51: {cmp_1KXGK45BZ1S0SCDY_product_mass} * {cmp_1KXGK45BZ1S0SCDY_mean_carbon_content} * {cmp_1KXGK45BZ1S0SCDY_durable_fraction} * {cmp_1KXGK45BZ1S0SCDY_co2e_of_carbon} | E51: =Datapoint!E307 * Expression!E50 * Expression!E49 * 3.667 | F51: 0 | G51: kg
A52: cmp_1KXGK45BZ1S0SCDY_component_root | B52: =Component!A89 | C52: Biochar sequestration, 200 year durability | D52: {cmp_1KXGK45BZ1S0SCDY_output} | E52: =Expression!E51 | F52: 0 | G52: kg
A53: cmp_1KY5G7F3N1S05JRT_output | B53: =Component!A142 | C53: Distance-based emissions | D53: {cmp_1KY5G7F3N1S05JRT_distance} * {cmp_1KY5G7F3N1S05JRT_carbon_intensity} | E53: =Datapoint!E523 * Datapoint!E522 | F53: 0 | G53: kg
A54: cmp_1KY5G7F3N1S05JRT_component_root | B54: =Component!A142 | C54: CO Flatbed Truck Transport Embodied Emissions | D54: {cmp_1KY5G7F3N1S05JRT_output} | E54: =Expression!E53 | F54: 0 | G54: kg
A55: cmp_1KY57NCC21S06P88_soil_temp_delta | B55: =Component!A137 | C55: Difference in soil temp from 0 celsius | D55: {cmp_1KY57NCC21S06P88_soil_temp} - {cmp_1KY57NCC21S06P88_zero_degrees_celsius} | E55: =Datapoint!E498 - 273.15 | F55: 0 | G55: K
A56: cmp_1KY57NCC21S06P88_normalized_mean_soil_temp | B56: =Component!A137 | C56: Mean soil temperature in dimensionless units | D56: {cmp_1KY57NCC21S06P88_soil_temp_delta} / {cmp_1KY57NCC21S06P88_one_degree_celsius_delta} | E56: =Expression!E55 / 1.0 | F56: 0
A57: cmp_1KY57NCC21S06P88_log_mean_soil_temp | B57: =Component!A137 | C57: Natural log of mean soil temperature in dimensionless units | D57: ln({cmp_1KY57NCC21S06P88_normalized_mean_soil_temp}) | E57: 2.4159138 | F57: 0
A58: cmp_1KY57NCC21S06P88_h_c_ratio | B58: =Component!A137 | C58: H:C ratio | D58: mean({[cmp_1KY57NCC21S06P88_h_c_molar_ratios]}) | E58: 0.41667 | F58: 0
A59: cmp_1KY57NCC21S06P88_non_durable_fraction_calc | B59: =Component!A137 | C59: Non-durable fraction | D59: {cmp_1KY57NCC21S06P88_woolf_parameter_c} + ({cmp_1KY57NCC21S06P88_woolf_parameter_a} + {cmp_1KY57NCC21S06P88_woolf_parameter_b} * {cmp_1KY57NCC21S06P88_log_mean_soil_temp}) * {cmp_1KY57NCC21S06P88_h_c_ratio} | E59: =-0.048 + (-0.383 + 0.35 * Expression!E57) * Expression!E58 | F59: 0
A60: cmp_1KY57NCC21S06P88_durable_fraction_calc | B60: =Component!A137 | C60: Durable fraction | D60: complement_of({cmp_1KY57NCC21S06P88_non_durable_fraction_calc}) | E60: 0.85526103 | F60: 0
A61: cmp_1KY57NCC21S06P88_carbon_contents | B61: =Component!A137 | C61: Carbon content of biochar | D61: {[cmp_1KY57NCC21S06P88_total_carbon_contents]} - {[cmp_1KY57NCC21S06P88_inorganic_carbon_contents]} | E61: 85.2667 | F61: 0 | G61: %
A62: cmp_1KY57NCC21S06P88_durable_fraction | B62: =Component!A137 | C62: Durable fraction | D62: min({cmp_1KY57NCC21S06P88_durable_fraction_calc}, {cmp_1KY57NCC21S06P88_max_durable_fraction}) | E62: 0.85526103 | F62: 0
A63: cmp_1KY57NCC21S06P88_mean_carbon_content | B63: =Component!A137 | C63: Mean carbon content | D63: mean({[cmp_1KY57NCC21S06P88_carbon_contents]}) | E63: 0.852667 | F63: 0
A64: cmp_1KY57NCC21S06P88_output | B64: =Component!A137 | C64: Biochar sequestration, 200 year durability | D64: {cmp_1KY57NCC21S06P88_product_mass} * {cmp_1KY57NCC21S06P88_mean_carbon_content} * {cmp_1KY57NCC21S06P88_durable_fraction} * {cmp_1KY57NCC21S06P88_co2e_of_carbon} | E64: =Datapoint!E497 * Expression!E63 * Expression!E62 * 3.667 | F64: 0 | G64: kg
A65: cmp_1KY57NCC21S06P88_component_root | B65: =Component!A137 | C65: Biochar sequestration, 200 year durability | D65: {cmp_1KY57NCC21S06P88_output} | E65: =Expression!E64 | F65: 0 | G65: kg
A66: cmp_1KWCZP1M61S0ZTHS_component_root | B66: =Component!A22 | C66: CO Flatbed Truck Transport Process Emissions | D66: {cmp_1KWCZP1M61S0ZTHS_mass} * {cmp_1KWCZP1M61S0ZTHS_distance} * {cmp_1KWCZP1M61S0ZTHS_carbon_intensity} | E66: =Datapoint!E68 * Datapoint!E67 * Datapoint!E66 | F66: 0 | G66: kg
A67: cmp_1KXKGXJB61S0DEPE_soil_temp_delta | B67: =Component!A108 | C67: Difference in soil temp from 0 celsius | D67: {cmp_1KXKGXJB61S0DEPE_soil_temp} - {cmp_1KXKGXJB61S0DEPE_zero_degrees_celsius} | E67: =Datapoint!E381 - 273.15 | F67: 0 | G67: K
A68: cmp_1KXKGXJB61S0DEPE_normalized_mean_soil_temp | B68: =Component!A108 | C68: Mean soil temperature in dimensionless units | D68: {cmp_1KXKGXJB61S0DEPE_soil_temp_delta} / {cmp_1KXKGXJB61S0DEPE_one_degree_celsius_delta} | E68: =Expression!E67 / 1.0 | F68: 0
A69: cmp_1KXKGXJB61S0DEPE_log_mean_soil_temp | B69: =Component!A108 | C69: Natural log of mean soil temperature in dimensionless units | D69: ln({cmp_1KXKGXJB61S0DEPE_normalized_mean_soil_temp}) | E69: 2.3887628 | F69: 0
A70: cmp_1KXKGXJB61S0DEPE_h_c_ratio | B70: =Component!A108 | C70: H:C ratio | D70: mean({[cmp_1KXKGXJB61S0DEPE_h_c_molar_ratios]}) | E70: 0.28667 | F70: 0
A71: cmp_1KXKGXJB61S0DEPE_non_durable_fraction_calc | B71: =Component!A108 | C71: Non-durable fraction | D71: {cmp_1KXKGXJB61S0DEPE_woolf_parameter_c} + ({cmp_1KXKGXJB61S0DEPE_woolf_parameter_a} + {cmp_1KXKGXJB61S0DEPE_woolf_parameter_b} * {cmp_1KXKGXJB61S0DEPE_log_mean_soil_temp}) * {cmp_1KXKGXJB61S0DEPE_h_c_ratio} | E71: =-0.048 + (-0.383 + 0.35 * Expression!E69) * Expression!E70 | F71: 0
A72: cmp_1KXKGXJB61S0DEPE_durable_fraction_calc | B72: =Component!A108 | C72: Durable fraction | D72: complement_of({cmp_1KXKGXJB61S0DEPE_non_durable_fraction_calc}) | E72: 0.91811929 | F72: 0
A73: cmp_1KXKGXJB61S0DEPE_carbon_contents | B73: =Component!A108 | C73: Carbon content of biochar | D73: {[cmp_1KXKGXJB61S0DEPE_total_carbon_contents]} - {[cmp_1KXKGXJB61S0DEPE_inorganic_carbon_contents]} | E73: 89.66699999999999 | F73: 0 | G73: %
A74: cmp_1KXKGXJB61S0DEPE_durable_fraction | B74: =Component!A108 | C74: Durable fraction | D74: min({cmp_1KXKGXJB61S0DEPE_durable_fraction_calc}, {cmp_1KXKGXJB61S0DEPE_max_durable_fraction}) | E74: 0.91811929 | F74: 0
A75: cmp_1KXKGXJB61S0DEPE_mean_carbon_content | B75: =Component!A108 | C75: Mean carbon content | D75: mean({[cmp_1KXKGXJB61S0DEPE_carbon_contents]}) | E75: 0.89667 | F75: 0
A76: cmp_1KXKGXJB61S0DEPE_output | B76: =Component!A108 | C76: Biochar sequestration, 200 year durability | D76: {cmp_1KXKGXJB61S0DEPE_product_mass} * {cmp_1KXKGXJB61S0DEPE_mean_carbon_content} * {cmp_1KXKGXJB61S0DEPE_durable_fraction} * {cmp_1KXKGXJB61S0DEPE_co2e_of_carbon} | E76: =Datapoint!E380 * Expression!E75 * Expression!E74 * 3.667 | F76: 0 | G76: kg
A77: cmp_1KXKGXJB61S0DEPE_component_root | B77: =Component!A108 | C77: Biochar sequestration, 200 year durability | D77: {cmp_1KXKGXJB61S0DEPE_output} | E77: =Expression!E76 | F77: 0 | G77: kg
A78: cmp_1KYN471V91S0Z1NE_component_root | B78: =Component!A188 | C78: Over Allocated Emissions | D78: {cmp_1KYN471V91S0Z1NE_constant_activity_emissions} | E78: =Datapoint!E650 | F78: 0 | G78: kg
A79: cmp_1KXEJCGYM1S0TDSN_output | B79: =Component!A58 | C79: Distance-based emissions | D79: {cmp_1KXEJCGYM1S0TDSN_distance} * {cmp_1KXEJCGYM1S0TDSN_carbon_intensity} | E79: =Datapoint!E198 * Datapoint!E197 | F79: 0 | G79: kg
A80: cmp_1KXEJCGYM1S0TDSN_component_root | B80: =Component!A58 | C80: CO Flatbed Truck Transport Embodied Emissions | D80: {cmp_1KXEJCGYM1S0TDSN_output} | E80: =Expression!E79 | F80: 0 | G80: kg
A81: cmp_1KYA8AV061S0Q2PC_component_root | B81: =Component!A161 | C81: BCU - Transport Process | D81: {cmp_1KYA8AV061S0Q2PC_constant_reduction} | E81: =Datapoint!E585 | F81: 0 | G81: kg
A82: cmp_1KXERD7151S0GHKD_component_root | B82: =Component!A73 | C82: Biochar Production Emission (A) | D82: {cmp_1KXERD7151S0GHKD_mass} * {cmp_1KXERD7151S0GHKD_carbon_intensity} | E82: =Datapoint!E252 * Datapoint!E251 | F82: 0 | G82: kg
A83: cmp_1KYA8D6PQ1S0H99Z_component_root | B83: =Component!A173 | C83: BCU - Transport Process | D83: {cmp_1KYA8D6PQ1S0H99Z_constant_reduction} | E83: =Datapoint!E609 | F83: 0 | G83: kg
A84: cmp_1KXEJD28G1S04MWW_component_root | B84: =Component!A59 | C84: CO Flatbed Truck Transport Process Emissions | D84: {cmp_1KXEJD28G1S04MWW_mass} * {cmp_1KXEJD28G1S04MWW_distance} * {cmp_1KXEJD28G1S04MWW_carbon_intensity} | E84: =Datapoint!E215 * Datapoint!E214 * Datapoint!E213 | F84: 0 | G84: kg
A85: cmp_1KXGRA8D41S01S1K_component_root | B85: =Component!A100 | C85: BCU - Transport Process | D85: {cmp_1KXGRA8D41S01S1K_constant_reduction} | E85: =Datapoint!E357 | F85: 0 | G85: kg
A86: cmp_1KXEA1TH21S0NA8X_output | B86: =Component!A32 | C86: Distance-based emissions | D86: {cmp_1KXEA1TH21S0NA8X_distance} * {cmp_1KXEA1TH21S0NA8X_carbon_intensity} | E86: =Datapoint!E108 * Datapoint!E107 | F86: 0 | G86: kg
A87: cmp_1KXEA1TH21S0NA8X_component_root | B87: =Component!A32 | C87: CO Flatbed Truck Transport Embodied Emissions | D87: {cmp_1KXEA1TH21S0NA8X_output} | E87: =Expression!E86 | F87: 0 | G87: kg
A88: cmp_1KXKGW8131S0AHAH_component_root | B88: =Component!A102 | C88: CO Flatbed Truck Transport Process Emissions | D88: {cmp_1KXKGW8131S0AHAH_mass} * {cmp_1KXKGW8131S0AHAH_distance} * {cmp_1KXKGW8131S0AHAH_carbon_intensity} | E88: =Datapoint!E369 * Datapoint!E368 * Datapoint!E367 | F88: 0 | G88: kg
A89: cmp_1KWCZP1M61S0C5P4_component_root | B89: =Component!A18 | C89: Biochar Spreading Emissions | D89: {cmp_1KWCZP1M61S0C5P4_mass} * {cmp_1KWCZP1M61S0C5P4_carbon_intensity} | E89: =Datapoint!E58 * Datapoint!E57 | F89: 0 | G89: kg
A90: cmp_1KXKGXJB61S0B6C5_component_root | B90: =Component!A107 | C90: Biochar Spreading Emissions | D90: {cmp_1KXKGXJB61S0B6C5_mass} * {cmp_1KXKGXJB61S0B6C5_carbon_intensity} | E90: =Datapoint!E383 * Datapoint!E382 | F90: 0 | G90: kg
A91: cmp_1KXEJD28G1S0K8BG_soil_temp_delta | B91: =Component!A61 | C91: Difference in soil temp from 0 celsius | D91: {cmp_1KXEJD28G1S0K8BG_soil_temp} - {cmp_1KXEJD28G1S0K8BG_zero_degrees_celsius} | E91: =Datapoint!E209 - 273.15 | F91: 0 | G91: K
A92: cmp_1KXEJD28G1S0K8BG_normalized_mean_soil_temp | B92: =Component!A61 | C92: Mean soil temperature in dimensionless units | D92: {cmp_1KXEJD28G1S0K8BG_soil_temp_delta} / {cmp_1KXEJD28G1S0K8BG_one_degree_celsius_delta} | E92: =Expression!E91 / 1.0 | F92: 0
A93: cmp_1KXEJD28G1S0K8BG_log_mean_soil_temp | B93: =Component!A61 | C93: Natural log of mean soil temperature in dimensionless units | D93: ln({cmp_1KXEJD28G1S0K8BG_normalized_mean_soil_temp}) | E93: 2.3887628 | F93: 0
A94: cmp_1KXEJD28G1S0K8BG_h_c_ratio | B94: =Component!A61 | C94: H:C ratio | D94: mean({[cmp_1KXEJD28G1S0K8BG_h_c_molar_ratios]}) | E94: 0.45667 | F94: 0
A95: cmp_1KXEJD28G1S0K8BG_non_durable_fraction_calc | B95: =Component!A61 | C95: Non-durable fraction | D95: {cmp_1KXEJD28G1S0K8BG_woolf_parameter_c} + ({cmp_1KXEJD28G1S0K8BG_woolf_parameter_a} + {cmp_1KXEJD28G1S0K8BG_woolf_parameter_b} * {cmp_1KXEJD28G1S0K8BG_log_mean_soil_temp}) * {cmp_1KXEJD28G1S0K8BG_h_c_ratio} | E95: =-0.048 + (-0.383 + 0.35 * Expression!E93) * Expression!E94 | F95: 0
A96: cmp_1KXEJD28G1S0K8BG_durable_fraction_calc | B96: =Component!A61 | C96: Durable fraction | D96: complement_of({cmp_1KXEJD28G1S0K8BG_non_durable_fraction_calc}) | E96: 0.8410979 | F96: 0
A97: cmp_1KXEJD28G1S0K8BG_carbon_contents | B97: =Component!A61 | C97: Carbon content of biochar | D97: {[cmp_1KXEJD28G1S0K8BG_total_carbon_contents]} - {[cmp_1KXEJD28G1S0K8BG_inorganic_carbon_contents]} | E97: 83.39999999999999 | F97: 0 | G97: %
A98: cmp_1KXEJD28G1S0K8BG_durable_fraction | B98: =Component!A61 | C98: Durable fraction | D98: min({cmp_1KXEJD28G1S0K8BG_durable_fraction_calc}, {cmp_1KXEJD28G1S0K8BG_max_durable_fraction}) | E98: 0.8410979 | F98: 0
A99: cmp_1KXEJD28G1S0K8BG_mean_carbon_content | B99: =Component!A61 | C99: Mean carbon content | D99: mean({[cmp_1KXEJD28G1S0K8BG_carbon_contents]}) | E99: 0.834 | F99: 0
A100: cmp_1KXEJD28G1S0K8BG_output | B100: =Component!A61 | C100: Biochar sequestration, 200 year durability | D100: {cmp_1KXEJD28G1S0K8BG_product_mass} * {cmp_1KXEJD28G1S0K8BG_mean_carbon_content} * {cmp_1KXEJD28G1S0K8BG_durable_fraction} * {cmp_1KXEJD28G1S0K8BG_co2e_of_carbon} | E100: =Datapoint!E208 * Expression!E99 * Expression!E98 * 3.667 | F100: 0 | G100: kg
A101: cmp_1KXEJD28G1S0K8BG_component_root | B101: =Component!A61 | C101: Biochar sequestration, 200 year durability | D101: {cmp_1KXEJD28G1S0K8BG_output} | E101: =Expression!E100 | F101: 0 | G101: kg
...

Sheet Datapoint
A1: Datapoint ID | B1: Type | C1: Name | D1: Description | E1: Value in SI units | F1: Standard deviation in SI units | G1: SI Units | H1: Value in original units | I1: Standard deviation in original units | J1: Original units | K1: Source 1 ID | L1: Source 1 Name | M1: Source 2 ID | N1: Source 2 Name | O1: Source 3 ID | P1: Source 3 Name | Q1: Supplier reference ID | R1: Measurement Location ID
A3: dtp_1KWCBZZR41S0QRNW | B3: derived | C3: Emissions Factor - Biochar Spreading | D3: Emissions Factor - Biochar Spreading | E3: 0.004 | F3: 0 | H3: 0.004 | I3: 0 | J3: kgCO₂e/kg | K3: =Source!A4 | L3: Biochar Offtake Calculations.xlsx | Q3: mr_1QbNvQcgmQ7HDCbM-out_KY0ptolvtmtBTtKx-0
A4: dtp_1KWCC01B81S0T105 | B4: derived | C4: Biochar Applied (wet mass) (Spreading) - Applied | D4: Biochar Applied (wet mass) (Spreading) - Applied | E4: 7258.3 | F4: 0 | G4: kg | H4: 7258.3 | I4: 0 | J4: kg | K4: =Source!A43 | L4: Chris Craig 5.30.26 Scale Tickets.heic | M4: =Source!A50 | N4: Chris Craig Delivery Notes.xlsx | O4: =Source!A5 | P4: Production Period 3 Summary.xlsx | Q4: mr_1QbNvQcgmQ7HDCbM-out_0qzaoA3uAPye3IRS-0
A5: dtp_1KWCC06301S0Q7XD | B5: derived | C5: Biochar - H/C_org - Applied | D5: Biochar - H/C_org - Applied | E5: 0.35 | F5: 0 | H5: 0.35 | I5: 0 | K5: =Source!A48 | L5: McCreath Analysis - BGN CHAR 252 (H26050602).pdf | Q5: mr_GXesJch3wFv1CGE9-out_SlgcaWsappr9ZCL6-0
A6: dtp_1KWCC06EJ1S0VRHZ | B6: derived | C6: Inorganic Carbon Content % - Applied | D6: Inorganic Carbon Content % - Applied | E6: 0.0018 | F6: 0 | H6: 0.18 | I6: 0 | J6: % | K6: =Source!A6 | L6: 252 - Combined Lab Analyses.pdf | Q6: mr_GXesJch3wFv1CGE9-out_RrRijQ8NSCwAInka-0
A7: dtp_1KWCC08021S0PQ4Y | B7: derived | C7: Biochar Dry Weight (kg) (CO2 stored) - Applied | D7: Biochar Dry Weight (kg) (CO2 stored) - Applied | E7: 4689.9984 | F7: 0 | G7: kg | H7: 4689.9984 | I7: 0 | J7: kg | K7: =Source!A43 | L7: Chris Craig 5.30.26 Scale Tickets.heic | M7: =Source!A48 | N7: McCreath Analysis - BGN CHAR 252 (H26050602).pdf | O7: =Source!A50 | P7: Chris Craig Delivery Notes.xlsx | Q7: mr_1QbNvQcgmQ7HDCbM-out_jzrTws5de3Txjsxr-0
A8: dtp_1KWCC08HW1S0CMAW | B8: derived | C8: Biochar Applied - Soil Temperature (Cel) | D8: Biochar Applied - Soil Temperature (Cel) | E8: 284.05 | F8: 0 | G8: K | H8: 10.9 | I8: 0 | J8: °C | K8: =Source!A41 | L8: soil_temperature_chris_craig.csv | Q8: mr_GXesJch3wFv1CGE9-out_WFEo3VxmWt0N3Yhc-0
A9: dtp_1KWCC08RQ1S0KY26 | B9: derived | C9: Organic Carbon Content % - Applied | D9: Organic Carbon Content % - Applied | E9: 0.80126 | F9: 0 | H9: 80.126 | I9: 0 | J9: % | K9: =Source!A48 | L9: McCreath Analysis - BGN CHAR 252 (H26050602).pdf | Q9: mr_1QbNvQcgmQ7HDCbM-out_9VwHrqELDkqKvfgu-0
A10: dtp_1KWCC0A8Y1S0C3JD | B10: derived | C10: Biochar Output - Carbon Intensity - Applied | D10: Biochar Output - Carbon Intensity - Applied | E10: 1.0351 | F10: 0 | H10: 1.0351 | I10: 0 | J10: kgCO₂e/kg | K10: =Source!A38 | L10: Biochar CI Summary — All Production Periods.xlsx | M10: =Source!A5 | N10: Production Period 3 Summary.xlsx | Q10: mr_1QbNvQcgmQ7HDCbM-out_p2t83fe8Xb0UnDuc-0
A11: dtp_1KWCC0ASJ1S0TQ11 | B11: derived | C11: Biochar Dry Product Weight (kg) (Pyrolysis) - Applied | D11: Biochar Dry Product Weight (kg) (Pyrolysis) - Applied | E11: 5437.9 | F11: 0 | G11: kg | H11: 5437.9 | I11: 0 | J11: kg | K11: =Source!A43 | L11: Chris Craig 5.30.26 Scale Tickets.heic | M11: =Source!A50 | N11: Chris Craig Delivery Notes.xlsx | O11: =Source!A5 | P11: Production Period 3 Summary.xlsx | Q11: mr_1QbNvQcgmQ7HDCbM-out_flFayO1sB5WijeRd-0
A12: dtp_1KWCC0CDQ1S0WZBA | B12: derived | C12: Copy - Truck EF | D12: Copy - Truck EF | E12: 8.5997773e-08 | F12: 0 | G12: 1/m | H12: 0.1384 | I12: 0 | J12: kgCO₂e/(t⋅mi) | K12: =Source!A8 | L12: GLEC NA Road Transport.png | Q12: mr_1QbNvQcgmQ7HDCbM-out_SUXhidR4MsQBPF0H-0
A13: dtp_1KWCC0DY81S0Z7NK | B13: reported | C13: Biochar Applied - Delivery Distance (km) | D13: Biochar Applied - Delivery Distance (km) | E13: 278416.51 | F13: 0 | G13: m | H13: 278.41651 | I13: 0 | J13: km | K13: =Source!A18 | L13: CO to Chris Craig Distance (1).png | Q13: mr_1QbNvQcgmQ7HDCbM-out_40WLB0U4vl7JHA8h-0
A14: dtp_1KWCC0EFJ1S0DV47 | B14: derived | C14: Biochar Transported (kg) - Applied | D14: Biochar Transported (kg) - Applied | E14: 7704.15 | F14: 0 | G14: kg | H14: 7704.15 | I14: 0 | J14: kg | K14: =Source!A43 | L14: Chris Craig 5.30.26 Scale Tickets.heic | M14: =Source!A50 | N14: Chris Craig Delivery Notes.xlsx | O14: =Source!A5 | P14: Production Period 3 Summary.xlsx | Q14: mr_1QbNvQcgmQ7HDCbM-out_OA0wdc8MuB45f6At-0
A15: dtp_1KWCC0EYQ1S0WEJV | B15: reported | C15: Emissions Factor - Flatbed Truck Transport Embodied Emissions (2025, CO) | D15: Emissions Factor - Flatbed Truck Transport Embodied Emissions (2025, CO) | E15: 0.00011979496 | F15: 0 | G15: kg/m | H15: 0.11979496 | I15: 0 | J15: kgCO₂e/km | K15: =Source!A17 | L15: Standard Emission Factors + Calculations (8).xlsx | Q15: mr_1QbNvQcgmQ7HDCbM-out_hDkBvHUGZxuneDx7-0
A16: dtp_1KWCC0FY31S04KKE | B16: reported | C16: Attribution factor | E16: 1 | F16: 0 | H16: 1 | I16: 0
A17: dtp_1KWCC0FY31S09N0F | B17: reported | C17: Attribution factor | E17: 1 | F17: 0 | H17: 1 | I17: 0
A18: dtp_1KWCC0FY31S0P04T | B18: reported | C18: Attribution factor | E18: 1 | F18: 0 | H18: 1 | I18: 0
A19: dtp_1KWCC0FY31S0R8F3 | B19: reported | C19: Attribution factor | E19: 1 | F19: 0 | H19: 1 | I19: 0
A20: dtp_1KWCC0FY31S0X9W4 | B20: reported | C20: Attribution factor | E20: 1 | F20: 0 | H20: 1 | I20: 0
A21: dtp_1KWCSB56R1S0MEKQ | B21: derived | C21: Emissions Factor - Biochar Spreading | D21: Emissions Factor - Biochar Spreading | E21: 0.004 | F21: 0 | H21: 0.004 | I21: 0 | J21: kgCO₂e/kg | K21: =Source!A4 | L21: Biochar Offtake Calculations.xlsx | Q21: mr_KZKzNxsJesEYlNhr-out_KY0ptolvtmtBTtKx-0
A22: dtp_1KWCSB9AV1S0PPY0 | B22: derived | C22: Biochar Applied (wet mass) (Spreading) - Applied | D22: Biochar Applied (wet mass) (Spreading) - Applied | E22: 196.17 | F22: 0 | G22: kg | H22: 196.17 | I22: 0 | J22: kg | K22: =Source!A43 | L22: Chris Craig 5.30.26 Scale Tickets.heic | M22: =Source!A50 | N22: Chris Craig Delivery Notes.xlsx | O22: =Source!A9 | P22: Production Period 1 Summary -- Final Submission (Updated 4_25).xlsx | Q22: mr_KZKzNxsJesEYlNhr-out_0qzaoA3uAPye3IRS-0
A23: dtp_1KWCSBRBT1S008ZK | B23: derived | C23: Biochar - H/C_org - Applied | D23: Biochar - H/C_org - Applied | E23: 0.44 | F23: 0 | H23: 0.44 | I23: 0 | K23: =Source!A3 | L23: 123 - Combined Lab Analyses.pdf | Q23: mr_zCuyoqisqKNAgjn5-out_SlgcaWsappr9ZCL6-0
A24: dtp_1KWCSBYF71S0XFWV | B24: derived | C24: Inorganic Carbon Content % - Applied | D24: Inorganic Carbon Content % - Applied | E24: 0.00267 | F24: 0 | H24: 0.267 | I24: 0 | J24: % | K24: =Source!A3 | L24: 123 - Combined Lab Analyses.pdf | Q24: mr_zCuyoqisqKNAgjn5-out_RrRijQ8NSCwAInka-0
A25: dtp_1KWCSCK6V1S0REFT | B25: derived | C25: Biochar Dry Weight (kg) (CO2 stored) - Applied | D25: Biochar Dry Weight (kg) (CO2 stored) - Applied | E25: 126.04853 | F25: 0 | G25: kg | H25: 126.04853 | I25: 0 | J25: kg | K25: =Source!A43 | L25: Chris Craig 5.30.26 Scale Tickets.heic | M25: =Source!A3 | N25: 123 - Combined Lab Analyses.pdf | O25: =Source!A50 | P25: Chris Craig Delivery Notes.xlsx | Q25: mr_KZKzNxsJesEYlNhr-out_jzrTws5de3Txjsxr-0
A26: dtp_1KWCSCTWH1S0EBNR | B26: derived | C26: Biochar Applied - Soil Temperature (Cel) | D26: Biochar Applied - Soil Temperature (Cel) | E26: 284.05 | F26: 0 | G26: K | H26: 10.9 | I26: 0 | J26: °C | K26: =Source!A41 | L26: soil_temperature_chris_craig.csv | Q26: mr_zCuyoqisqKNAgjn5-out_WFEo3VxmWt0N3Yhc-0
A27: dtp_1KWCSCV4Q1S0NND2 | B27: derived | C27: Organic Carbon Content % - Applied | D27: Organic Carbon Content % - Applied | E27: 0.852 | F27: 0 | H27: 85.2 | I27: 0 | J27: % | K27: =Source!A3 | L27: 123 - Combined Lab Analyses.pdf | Q27: mr_KZKzNxsJesEYlNhr-out_9VwHrqELDkqKvfgu-0
A28: dtp_1KWCSCWHA1S06H5Z | B28: derived | C28: Biochar Output - Carbon Intensity - Applied | D28: Biochar Output - Carbon Intensity - Applied | E28: 0.842 | F28: 0 | H28: 0.842 | I28: 0 | J28: kgCO₂e/kg | K28: =Source!A38 | L28: Biochar CI Summary — All Production Periods.xlsx | M28: =Source!A9 | N28: Production Period 1 Summary -- Final Submission (Updated 4_25).xlsx | O28: =Source!A11 | P28: Production Period 1 Summary -- Final Submission (Updated 4_25) (1).xlsx | Q28: mr_KZKzNxsJesEYlNhr-out_p2t83fe8Xb0UnDuc-0
A29: dtp_1KWCSCX3G1S0N4MK | B29: derived | C29: Biochar Dry Product Weight (kg) (Pyrolysis) - Applied | D29: Biochar Dry Product Weight (kg) (Pyrolysis) - Applied | E29: 146.97 | F29: 0 | G29: kg | H29: 146.97 | I29: 0 | J29: kg | K29: =Source!A43 | L29: Chris Craig 5.30.26 Scale Tickets.heic | M29: =Source!A50 | N29: Chris Craig Delivery Notes.xlsx | O29: =Source!A9 | P29: Production Period 1 Summary -- Final Submission (Updated 4_25).xlsx | Q29: mr_KZKzNxsJesEYlNhr-out_flFayO1sB5WijeRd-0
A30: dtp_1KWCSD8131S0QCYW | B30: derived | C30: Copy - Truck EF | D30: Copy - Truck EF | E30: 8.5997773e-08 | F30: 0 | G30: 1/m | H30: 0.1384 | I30: 0 | J30: kgCO₂e/(t⋅mi) | K30: =Source!A8 | L30: GLEC NA Road Transport.png | Q30: mr_KZKzNxsJesEYlNhr-out_SUXhidR4MsQBPF0H-0
A31: dtp_1KWCSDDGZ1S0DA4T | B31: reported | C31: Biochar Applied - Delivery Distance (km) | D31: Biochar Applied - Delivery Distance (km) | E31: 278416.51 | F31: 0 | G31: m | H31: 278.41651 | I31: 0 | J31: km | K31: =Source!A18 | L31: CO to Chris Craig Distance (1).png | Q31: mr_KZKzNxsJesEYlNhr-out_40WLB0U4vl7JHA8h-0
A32: dtp_1KWCSDDYP1S037AR | B32: derived | C32: Biochar Transported (kg) - Applied | D32: Biochar Transported (kg) - Applied | E32: 208.22 | F32: 0 | G32: kg | H32: 208.22 | I32: 0 | J32: kg | K32: =Source!A43 | L32: Chris Craig 5.30.26 Scale Tickets.heic | M32: =Source!A50 | N32: Chris Craig Delivery Notes.xlsx | O32: =Source!A9 | P32: Production Period 1 Summary -- Final Submission (Updated 4_25).xlsx | Q32: mr_KZKzNxsJesEYlNhr-out_OA0wdc8MuB45f6At-0
A33: dtp_1KWCSDEE41S0HTSC | B33: reported | C33: Emissions Factor - Flatbed Truck Transport Embodied Emissions (2025, CO) | D33: Emissions Factor - Flatbed Truck Transport Embodied Emissions (2025, CO) | E33: 0.00011979496 | F33: 0 | G33: kg/m | H33: 0.11979496 | I33: 0 | J33: kgCO₂e/km | K33: =Source!A17 | L33: Standard Emission Factors + Calculations (8).xlsx | Q33: mr_KZKzNxsJesEYlNhr-out_hDkBvHUGZxuneDx7-0
A34: dtp_1KWCSDFQF1S0BCBB | B34: reported | C34: Attribution factor | E34: 1 | F34: 0 | H34: 1 | I34: 0
A35: dtp_1KWCSDFQF1S0DMNM | B35: reported | C35: Attribution factor | E35: 1 | F35: 0 | H35: 1 | I35: 0
A36: dtp_1KWCSDFQF1S0JP2N | B36: reported | C36: Attribution factor | E36: 1 | F36: 0 | H36: 1 | I36: 0
A37: dtp_1KWCSDFQF1S0SZSZ | B37: reported | C37: Attribution factor | E37: 1 | F37: 0 | H37: 1 | I37: 0
A38: dtp_1KWCSDFQF1S0Z170 | B38: reported | C38: Attribution factor | E38: 1 | F38: 0 | H38: 1 | I38: 0
A39: dtp_1KWCY026S1S0BPW5 | B39: derived | C39: Emissions Factor - Biochar Spreading | D39: Emissions Factor - Biochar Spreading | E39: 0.004 | F39: 0 | H39: 0.004 | I39: 0 | J39: kgCO₂e/kg | K39: =Source!A4 | L39: Biochar Offtake Calculations.xlsx | Q39: mr_4icjZaj2fiznwqRp-out_KY0ptolvtmtBTtKx-0
A40: dtp_1KWCY03FG1S0DZ6E | B40: derived | C40: Biochar Applied (wet mass) (Spreading) - Applied | D40: Biochar Applied (wet mass) (Spreading) - Applied | E40: 392.34 | F40: 0 | G40: kg | H40: 392.34 | I40: 0 | J40: kg | K40: =Source!A43 | L40: Chris Craig 5.30.26 Scale Tickets.heic | M40: =Source!A50 | N40: Chris Craig Delivery Notes.xlsx | O40: =Source!A12 | P40: Production Period 2 Summary.xlsx | Q40: mr_4icjZaj2fiznwqRp-out_0qzaoA3uAPye3IRS-0
A41: dtp_1KWCY06XD1S0QH81 | B41: derived | C41: Biochar - H/C_org - Applied | D41: Biochar - H/C_org - Applied | E41: 0.46333 | F41: 0 | H41: 0.46333 | I41: 0 | K41: =Source!A47 | L41: 251 - Combined Lab Analyses.pdf | Q41: mr_UzmQ79t9v2yVzxqR-out_SlgcaWsappr9ZCL6-0
A42: dtp_1KWCY07DA1S0MR59 | B42: derived | C42: Inorganic Carbon Content % - Applied | D42: Inorganic Carbon Content % - Applied | E42: 0.0027 | F42: 0 | H42: 0.27 | I42: 0 | J42: % | K42: =Source!A47 | L42: 251 - Combined Lab Analyses.pdf | Q42: mr_UzmQ79t9v2yVzxqR-out_RrRijQ8NSCwAInka-0
A43: dtp_1KWCY08NZ1S0FPR8 | B43: reported | C43: Biochar Dry Weight (kg) (CO2 stored) - Applied | D43: Biochar Dry Weight (kg) (CO2 stored) - Applied | E43: 259.36275 | F43: 0 | G43: kg | H43: 259.36275 | I43: 0 | J43: kg | K43: =Source!A43 | L43: Chris Craig 5.30.26 Scale Tickets.heic | M43: =Source!A47 | N43: 251 - Combined Lab Analyses.pdf | O43: =Source!A50 | P43: Chris Craig Delivery Notes.xlsx | Q43: mr_4icjZaj2fiznwqRp-out_jzrTws5de3Txjsxr-0
A44: dtp_1KWCY094Z1S05KY6 | B44: derived | C44: Biochar Applied - Soil Temperature (Cel) | D44: Biochar Applied - Soil Temperature (Cel) | E44: 284.05 | F44: 0 | G44: K | H44: 10.9 | I44: 0 | J44: °C | K44: =Source!A41 | L44: soil_temperature_chris_craig.csv | Q44: mr_UzmQ79t9v2yVzxqR-out_WFEo3VxmWt0N3Yhc-0
A45: dtp_1KWCY09K91S0CXNG | B45: derived | C45: Organic Carbon Content % - Applied | D45: Organic Carbon Content % - Applied | E45: 0.8593 | F45: 0 | H45: 85.93 | I45: 0 | J45: % | K45: =Source!A47 | L45: 251 - Combined Lab Analyses.pdf | Q45: mr_4icjZaj2fiznwqRp-out_9VwHrqELDkqKvfgu-0
A46: dtp_1KWCY0APH1S0XSED | B46: derived | C46: Biochar Output - Carbon Intensity - Applied | D46: Biochar Output - Carbon Intensity - Applied | E46: 1.1178 | F46: 0 | H46: 1.1178 | I46: 0 | J46: kgCO₂e/kg | K46: =Source!A38 | L46: Biochar CI Summary — All Production Periods.xlsx | M46: =Source!A12 | N46: Production Period 2 Summary.xlsx | Q46: mr_4icjZaj2fiznwqRp-out_p2t83fe8Xb0UnDuc-0
A47: dtp_1KWCY0BMK1S0CCX1 | B47: derived | C47: Biochar Dry Product Weight (kg) (Pyrolysis) - Applied | D47: Biochar Dry Product Weight (kg) (Pyrolysis) - Applied | E47: 293.94 | F47: 0 | G47: kg | H47: 293.94 | I47: 0 | J47: kg | K47: =Source!A43 | L47: Chris Craig 5.30.26 Scale Tickets.heic | M47: =Source!A50 | N47: Chris Craig Delivery Notes.xlsx | O47: =Source!A12 | P47: Production Period 2 Summary.xlsx | Q47: mr_4icjZaj2fiznwqRp-out_flFayO1sB5WijeRd-0
A48: dtp_1KWCY0D371S0EN7A | B48: derived | C48: Copy - Truck EF | D48: Copy - Truck EF | E48: 8.5997773e-08 | F48: 0 | G48: 1/m | H48: 0.1384 | I48: 0 | J48: kgCO₂e/(t⋅mi) | K48: =Source!A8 | L48: GLEC NA Road Transport.png | Q48: mr_4icjZaj2fiznwqRp-out_SUXhidR4MsQBPF0H-0
A49: dtp_1KWCY0EQD1S0GXHK | B49: reported | C49: Biochar Applied - Delivery Distance (km) | D49: Biochar Applied - Delivery Distance (km) | E49: 278416.51 | F49: 0 | G49: m | H49: 278.41651 | I49: 0 | J49: km | K49: =Source!A18 | L49: CO to Chris Craig Distance (1).png | Q49: mr_4icjZaj2fiznwqRp-out_40WLB0U4vl7JHA8h-0
A50: dtp_1KWCY0F1P1S0ZH07 | B50: derived | C50: Biochar Transported (kg) - Applied | D50: Biochar Transported (kg) - Applied | E50: 416.44 | F50: 0 | G50: kg | H50: 416.44 | I50: 0 | J50: kg | K50: =Source!A43 | L50: Chris Craig 5.30.26 Scale Tickets.heic | M50: =Source!A50 | N50: Chris Craig Delivery Notes.xlsx | O50: =Source!A12 | P50: Production Period 2 Summary.xlsx | Q50: mr_4icjZaj2fiznwqRp-out_OA0wdc8MuB45f6At-0
A51: dtp_1KWCY0F9G1S0E4EV | B51: reported | C51: Emissions Factor - Flatbed Truck Transport Embodied Emissions (2025, CO) | D51: Emissions Factor - Flatbed Truck Transport Embodied Emissions (2025, CO) | E51: 0.00011979496 | F51: 0 | G51: kg/m | H51: 0.11979496 | I51: 0 | J51: kgCO₂e/km | K51: =Source!A17 | L51: Standard Emission Factors + Calculations (8).xlsx | Q51: mr_4icjZaj2fiznwqRp-out_hDkBvHUGZxuneDx7-0
A52: dtp_1KWCY0G8W1S07P0T | B52: reported | C52: Attribution factor | E52: 1 | F52: 0 | H52: 1 | I52: 0
A53: dtp_1KWCY0G8W1S09YB3 | B53: reported | C53: Attribution factor | E53: 1 | F53: 0 | H53: 1 | I53: 0
A54: dtp_1KWCY0G8W1S0EZR4 | B54: reported | C54: Attribution factor | E54: 1 | F54: 0 | H54: 1 | I54: 0
A55: dtp_1KWCY0G8W1S0P9FE | B55: reported | C55: Attribution factor | E55: 1 | F55: 0 | H55: 1 | I55: 0
A56: dtp_1KWCY0G8W1S0VAWF | B56: reported | C56: Attribution factor | E56: 1 | F56: 0 | H56: 1 | I56: 0
A57: dtp_1KWCZNJR61S02Z4K | B57: derived | C57: Emissions Factor - Biochar Spreading | D57: Emissions Factor - Biochar Spreading | E57: 0.004 | F57: 0 | H57: 0.004 | I57: 0 | J57: kgCO₂e/kg | K57: =Source!A4 | L57: Biochar Offtake Calculations.xlsx | Q57: mr_EMbLLQkBCOjebj4T-out_KY0ptolvtmtBTtKx-0
A58: dtp_1KWCZNM191S057EW | B58: derived | C58: Biochar Applied (wet mass) (Spreading) - Applied | D58: Biochar Applied (wet mass) (Spreading) - Applied | E58: 392.34 | F58: 0 | G58: kg | H58: 392.34 | I58: 0 | J58: kg | K58: =Source!A43 | L58: Chris Craig 5.30.26 Scale Tickets.heic | M58: =Source!A50 | N58: Chris Craig Delivery Notes.xlsx | O58: =Source!A53 | P58: Production Period 6 Summary.xlsx | Q58: mr_EMbLLQkBCOjebj4T-out_0qzaoA3uAPye3IRS-0
A59: dtp_1KWCZNRK81S02EC4 | B59: derived | C59: Biochar - H/C_org - Applied | D59: Biochar - H/C_org - Applied | E59: 0.45667 | F59: 0 | H59: 0.45667 | I59: 0 | K59: =Source!A14 | L59: 255 - Combined Lab Analyses.pdf | Q59: mr_1rYwO28WgkxPeus4-out_SlgcaWsappr9ZCL6-0
A60: dtp_1KWCZNS6Z1S06Z0P | B60: derived | C60: Inorganic Carbon Content % - Applied | D60: Inorganic Carbon Content % - Applied | E60: 0.002 | F60: 0 | H60: 0.2 | I60: 0 | J60: % | K60: =Source!A15 | L60: 255 - Combined Lab Analyses.pdf | Q60: mr_1rYwO28WgkxPeus4-out_RrRijQ8NSCwAInka-0
A61: dtp_1KWCZNT8V1S01XKN | B61: derived | C61: Biochar Dry Weight (kg) (CO2 stored) - Applied | D61: Biochar Dry Weight (kg) (CO2 stored) - Applied | E61: 260.53078 | F61: 0 | G61: kg | H61: 260.53078 | I61: 0 | J61: kg | K61: =Source!A43 | L61: Chris Craig 5.30.26 Scale Tickets.heic | M61: =Source!A15 | N61: 255 - Combined Lab Analyses.pdf | O61: =Source!A50 | P61: Chris Craig Delivery Notes.xlsx | Q61: mr_EMbLLQkBCOjebj4T-out_jzrTws5de3Txjsxr-0
A62: dtp_1KWCZNTR51S0QTSK | B62: derived | C62: Biochar Applied - Soil Temperature (Cel) | D62: Biochar Applied - Soil Temperature (Cel) | E62: 284.05 | F62: 0 | G62: K | H62: 10.9 | I62: 0 | J62: °C | K62: =Source!A41 | L62: soil_temperature_chris_craig.csv | Q62: mr_1rYwO28WgkxPeus4-out_WFEo3VxmWt0N3Yhc-0
A63: dtp_1KWCZNV681S0Z4GX | B63: derived | C63: Organic Carbon Content % - Applied | D63: Organic Carbon Content % - Applied | E63: 0.836 | F63: 0 | H63: 83.6 | I63: 0 | J63: % | K63: =Source!A14 | L63: 255 - Combined Lab Analyses.pdf | Q63: mr_EMbLLQkBCOjebj4T-out_9VwHrqELDkqKvfgu-0
A64: dtp_1KWCZNWH51S0QA14 | B64: derived | C64: Biochar Output - Carbon Intensity - Applied | D64: Biochar Output - Carbon Intensity - Applied | E64: 1.2936 | F64: 0 | H64: 1.2936 | I64: 0 | J64: kgCO₂e/kg | K64: =Source!A38 | L64: Biochar CI Summary — All Production Periods.xlsx | M64: =Source!A53 | N64: Production Period 6 Summary.xlsx | Q64: mr_EMbLLQkBCOjebj4T-out_p2t83fe8Xb0UnDuc-0
A65: dtp_1KWCZNWSF1S05XFR | B65: reported | C65: Biochar Dry Product Weight (kg) (Pyrolysis) - Applied | D65: Biochar Dry Product Weight (kg) (Pyrolysis) - Applied | E65: 293.94 | F65: 0 | G65: kg | H65: 293.94 | I65: 0 | J65: kg | K65: =Source!A43 | L65: Chris Craig 5.30.26 Scale Tickets.heic | M65: =Source!A50 | N65: Chris Craig Delivery Notes.xlsx | O65: =Source!A53 | P65: Production Period 6 Summary.xlsx | Q65: mr_EMbLLQkBCOjebj4T-out_flFayO1sB5WijeRd-0
A66: dtp_1KWCZNXZC1S085T1 | B66: derived | C66: Copy - Truck EF | D66: Copy - Truck EF | E66: 8.5997773e-08 | F66: 0 | G66: 1/m | H66: 0.1384 | I66: 0 | J66: kgCO₂e/(t⋅mi) | K66: =Source!A8 | L66: GLEC NA Road Transport.png | Q66: mr_EMbLLQkBCOjebj4T-out_SUXhidR4MsQBPF0H-0
A67: dtp_1KWCZNZVT1S0AE4A | B67: reported | C67: Biochar Applied - Delivery Distance (km) | D67: Biochar Applied - Delivery Distance (km) | E67: 278416.51 | F67: 0 | G67: m | H67: 278.41651 | I67: 0 | J67: km | K67: =Source!A18 | L67: CO to Chris Craig Distance (1).png | Q67: mr_EMbLLQkBCOjebj4T-out_40WLB0U4vl7JHA8h-0
A68: dtp_1KWCZP0D91S0S1JY | B68: derived | C68: Biochar Transported (kg) - Applied | D68: Biochar Transported (kg) - Applied | E68: 416.44 | F68: 0 | G68: kg | H68: 416.44 | I68: 0 | J68: kg | K68: =Source!A43 | L68: Chris Craig 5.30.26 Scale Tickets.heic | M68: =Source!A50 | N68: Chris Craig Delivery Notes.xlsx | O68: =Source!A53 | P68: Production Period 6 Summary.xlsx | Q68: mr_EMbLLQkBCOjebj4T-out_OA0wdc8MuB45f6At-0
A69: dtp_1KWCZP0MY1S07N1J | B69: reported | C69: Emissions Factor - Flatbed Truck Transport Embodied Emissions (2025, CO) | D69: Emissions Factor - Flatbed Truck Transport Embodied Emissions (2025, CO) | E69: 0.00011979496 | F69: 0 | G69: kg/m | H69: 0.11979496 | I69: 0 | J69: kgCO₂e/km | K69: =Source!A17 | L69: Standard Emission Factors + Calculations (8).xlsx | Q69: mr_EMbLLQkBCOjebj4T-out_hDkBvHUGZxuneDx7-0
A70: dtp_1KWCZP1M61S016KH | B70: reported | C70: Attribution factor | E70: 1 | F70: 0 | H70: 1 | I70: 0
A71: dtp_1KWCZP1M61S03EXT | B71: reported | C71: Attribution factor | E71: 1 | F71: 0 | H71: 1 | I71: 0
A72: dtp_1KWCZP1M61S08GAV | B72: reported | C72: Attribution factor | E72: 1 | F72: 0 | H72: 1 | I72: 0
A73: dtp_1KWCZP1M61S0FT25 | B73: reported | C73: Attribution factor | E73: 1 | F73: 0 | H73: 1 | I73: 0
A74: dtp_1KWCZP1M61S0MVF6 | B74: reported | C74: Attribution factor | E74: 1 | F74: 0 | H74: 1 | I74: 0
A75: dtp_1KXE4A28J1S0J87P | B75: derived | C75: Emissions Factor - Biochar Spreading | D75: Emissions Factor - Biochar Spreading | E75: 0.004 | F75: 0 | H75: 0.004 | I75: 0 | J75: kgCO₂e/kg | K75: =Source!A4 | L75: Biochar Offtake Calculations.xlsx | Q75: mr_vOsOwoAfTWL4pIbF-out_hf7qVV7KHcGk4thf-0
A76: dtp_1KXE4A4HG1S0MGHZ | B76: derived | C76: Biochar Applied (wet mass) (Spreading) - Applied | D76: Biochar Applied (wet mass) (Spreading) - Applied | E76: 196.39 | F76: 0 | G76: kg | H76: 196.39 | I76: 0 | J76: kg | K76: =Source!A43 | L76: Chris Craig 5.30.26 Scale Tickets.heic | M76: =Source!A50 | N76: Chris Craig Delivery Notes.xlsx | O76: =Source!A9 | P76: Production Period 1 Summary -- Final Submission (Updated 4_25).xlsx | Q76: mr_vOsOwoAfTWL4pIbF-out_0jBoYHtsohNZ8PAk-0
A77: dtp_1KXE4A7VK1S0Y2KJ | B77: derived | C77: Biochar - H/C_org - Applied | D77: Biochar - H/C_org - Applied | E77: 0.44 | F77: 0 | H77: 0.44 | I77: 0 | K77: =Source!A3 | L77: 123 - Combined Lab Analyses.pdf | Q77: mr_c5emhWkJ9ov9Uym2-out_SlgcaWsappr9ZCL6-0
A78: dtp_1KXE4A8D31S0V9GT | B78: derived | C78: Inorganic Carbon Content % - Applied | D78: Inorganic Carbon Content % - Applied | E78: 0.00267 | F78: 0 | H78: 0.267 | I78: 0 | J78: % | K78: =Source!A3 | L78: 123 - Combined Lab Analyses.pdf | Q78: mr_c5emhWkJ9ov9Uym2-out_RrRijQ8NSCwAInka-0
A79: dtp_1KXE4A9RH1S0P83S | B79: derived | C79: Biochar Dry Weight (kg) (CO2 stored) - Applied | D79: Biochar Dry Weight (kg) (CO2 stored) - Applied | E79: 126.23721 | F79: 0 | G79: kg | H79: 126.23721 | I79: 0 | J79: kg | K79: =Source!A43 | L79: Chris Craig 5.30.26 Scale Tickets.heic | M79: =Source!A3 | N79: 123 - Combined Lab Analyses.pdf | O79: =Source!A50 | P79: Chris Craig Delivery Notes.xlsx | Q79: mr_vOsOwoAfTWL4pIbF-out_tHtEVo8cn1cKK0xD-0
A80: dtp_1KXE4AA391S0C59Q | B80: derived | C80: Biochar Applied - Soil Temperature (Cel) | D80: Biochar Applied - Soil Temperature (Cel) | E80: 284.05 | F80: 0 | G80: K | H80: 10.9 | I80: 0 | J80: °C | K80: =Source!A41 | L80: soil_temperature_chris_craig.csv | Q80: mr_c5emhWkJ9ov9Uym2-out_WFEo3VxmWt0N3Yhc-0
A81: dtp_1KXE4AAJZ1S0KF11 | B81: derived | C81: Organic Carbon Content % - Applied | D81: Organic Carbon Content % - Applied | E81: 0.852 | F81: 0 | H81: 85.2 | I81: 0 | J81: % | K81: =Source!A3 | L81: 123 - Combined Lab Analyses.pdf | Q81: mr_vOsOwoAfTWL4pIbF-out_ye14SNxRG8b285JB-0
A82: dtp_1KXE4AC3J1S04ASY | B82: derived | C82: Biochar Output - Carbon Intensity - Applied | D82: Biochar Output - Carbon Intensity - Applied | E82: 0.842 | F82: 0 | H82: 0.842 | I82: 0 | J82: kgCO₂e/kg | K82: =Source!A38 | L82: Biochar CI Summary — All Production Periods.xlsx | M82: =Source!A9 | N82: Production Period 1 Summary -- Final Submission (Updated 4_25).xlsx | O82: =Source!A11 | P82: Production Period 1 Summary -- Final Submission (Updated 4_25) (1).xlsx | Q82: mr_vOsOwoAfTWL4pIbF-out_Oe27xWXZDsDMPXq9-0
A83: dtp_1KXE4ACCW1S0JY8J | B83: derived | C83: Biochar Dry Product Weight (kg) (Pyrolysis) - Applied | D83: Biochar Dry Product Weight (kg) (Pyrolysis) - Applied | E83: 147.19 | F83: 0 | G83: kg | H83: 147.19 | I83: 0 | J83: kg | K83: =Source!A43 | L83: Chris Craig 5.30.26 Scale Tickets.heic | M83: =Source!A50 | N83: Chris Craig Delivery Notes.xlsx | O83: =Source!A9 | P83: Production Period 1 Summary -- Final Submission (Updated 4_25).xlsx | Q83: mr_vOsOwoAfTWL4pIbF-out_P5psgmcwdDniayBV-0
A84: dtp_1KXE4ADKS1S0N6JV | B84: derived | C84: Copy - Truck EF | D84: Copy - Truck EF | E84: 8.5997773e-08 | F84: 0 | G84: 1/m | H84: 0.1384 | I84: 0 | J84: kgCO₂e/(t⋅mi) | K84: =Source!A17 | L84: Standard Emission Factors + Calculations (8).xlsx | Q84: mr_vOsOwoAfTWL4pIbF-out_kz09qsYg6N3uHg55-0
A85: dtp_1KXE4AFJC1S0QEX4 | B85: reported | C85: Biochar Applied - Delivery Distance (km) | D85: Biochar Applied - Delivery Distance (km) | E85: 278416.51 | F85: 0 | G85: m | H85: 278.41651 | I85: 0 | J85: km | K85: =Source!A18 | L85: CO to Chris Craig Distance (1).png | Q85: mr_vOsOwoAfTWL4pIbF-out_mh2j8s9fAROxQE7o-0
A86: dtp_1KXE4AG0R1S062BR | B86: derived | C86: Biochar Transported (kg) - Applied | D86: Biochar Transported (kg) - Applied | E86: 208.44 | F86: 0 | G86: kg | H86: 208.44 | I86: 0 | J86: kg | K86: =Source!A43 | L86: Chris Craig 5.30.26 Scale Tickets.heic | M86: =Source!A50 | N86: Chris Craig Delivery Notes.xlsx | O86: =Source!A9 | P86: Production Period 1 Summary -- Final Submission (Updated 4_25).xlsx | Q86: mr_vOsOwoAfTWL4pIbF-out_sVIPjpDBrGPnpupv-0
A87: dtp_1KXE4AGAE1S0MNTC | B87: reported | C87: Emissions Factor - Flatbed Truck Transport Embodied Emissions (2025, CO) | D87: Emissions Factor - Flatbed Truck Transport Embodied Emissions (2025, CO) | E87: 0.00011979496 | F87: 0 | G87: kg/m | H87: 0.11979496 | I87: 0 | J87: kgCO₂e/km | K87: =Source!A17 | L87: Standard Emission Factors + Calculations (8).xlsx | Q87: mr_vOsOwoAfTWL4pIbF-out_mh5OWJEQ9TzkSjax-0
A88: dtp_1KXE4AGVN1S0VZHP | B88: reported | C88: Biochar Applied - Allocated Delivery Distance (km) | D88: Biochar Applied - Allocated Delivery Distance (km) | E88: 6626.31 | F88: 0 | G88: m | H88: 6.62631 | I88: 0 | J88: km | K88: =Source!A18 | L88: CO to Chris Craig Distance (1).png | Q88: mr_vOsOwoAfTWL4pIbF-out_hfoA89qbvT5XX9zd-0
A89: dtp_1KXE4AHAG1S095ZA | B89: reported | C89: Attribution factor | E89: 1 | F89: 0 | H89: 1 | I89: 0
A90: dtp_1KXE4AHAG1S0BE9K | B90: reported | C90: Attribution factor | E90: 1 | F90: 0 | H90: 1 | I90: 0
A91: dtp_1KXE4AHAG1S0GFPM | B91: reported | C91: Attribution factor | E91: 1 | F91: 0 | H91: 1 | I91: 0
A92: dtp_1KXE4AHAG1S0QSDY | B92: reported | C92: Attribution factor | E92: 1 | F92: 0 | H92: 1 | I92: 0
A93: dtp_1KXE4AHAG1S0WTTZ | B93: reported | C93: Attribution factor | E93: 1 | F93: 0 | H93: 1 | I93: 0
A94: dtp_1KXE9SJTB1S03K6Q | B94: reported | C94: Constant CO₂ reduction | E94: 4.99 | F94: 0 | G94: kg | H94: 4.99 | I94: 0 | J94: kgCO₂e | K94: =Source!A19 | L94: Charm-RetirementCertificate-RD-EACs-20251218 (1).pdf
A95: dtp_1KXEA18DC1S0C3QC | B95: derived | C95: Emissions Factor - Biochar Spreading | D95: Emissions Factor - Biochar Spreading | E95: 0.004 | F95: 0 | H95: 0.004 | I95: 0 | J95: kgCO₂e/kg | K95: =Source!A4 | L95: Biochar Offtake Calculations.xlsx | Q95: mr_XXMcTBzPQWY14UCE-out_hf7qVV7KHcGk4thf-0
A96: dtp_1KXEA19XS1S0EC1N | B96: derived | C96: Biochar Applied (wet mass) (Spreading) - Applied | D96: Biochar Applied (wet mass) (Spreading) - Applied | E96: 4516.89 | F96: 0 | G96: kg | H96: 4516.89 | I96: 0 | J96: kg | K96: =Source!A43 | L96: Chris Craig 5.30.26 Scale Tickets.heic | M96: =Source!A50 | N96: Chris Craig Delivery Notes.xlsx | O96: =Source!A12 | P96: Production Period 2 Summary.xlsx | Q96: mr_XXMcTBzPQWY14UCE-out_0jBoYHtsohNZ8PAk-0
A97: dtp_1KXEA1DQE1S0QY38 | B97: derived | C97: Biochar - H/C_org - Applied | D97: Biochar - H/C_org - Applied | E97: 0.46333 | F97: 0 | H97: 0.46333 | I97: 0 | K97: =Source!A47 | L97: 251 - Combined Lab Analyses.pdf | Q97: mr_k2l7CVZAmnJtKTDX-out_SlgcaWsappr9ZCL6-0
A98: dtp_1KXEA1E1M1S0N50G | B98: derived | C98: Inorganic Carbon Content % - Applied | D98: Inorganic Carbon Content % - Applied | E98: 0.0027 | F98: 0 | H98: 0.27 | I98: 0 | J98: % | K98: =Source!A47 | L98: 251 - Combined Lab Analyses.pdf | Q98: mr_k2l7CVZAmnJtKTDX-out_RrRijQ8NSCwAInka-0
A99: dtp_1KXEA1FG11S0G3KF | B99: reported | C99: Biochar Dry Weight (kg) (CO2 stored) - Applied | D99: Biochar Dry Weight (kg) (CO2 stored) - Applied | E99: 2987.0658 | F99: 0 | G99: kg | H99: 2987.0658 | I99: 0 | J99: kg | K99: =Source!A43 | L99: Chris Craig 5.30.26 Scale Tickets.heic | M99: =Source!A47 | N99: 251 - Combined Lab Analyses.pdf | O99: =Source!A50 | P99: Chris Craig Delivery Notes.xlsx | Q99: mr_XXMcTBzPQWY14UCE-out_tHtEVo8cn1cKK0xD-0
A100: dtp_1KXEA1G061S060SD | B100: derived | C100: Biochar Applied - Soil Temperature (Cel) | D100: Biochar Applied - Soil Temperature (Cel) | E100: 284.05 | F100: 0 | G100: K | H100: 10.9 | I100: 0 | J100: °C | K100: =Source!A41 | L100: soil_temperature_chris_craig.csv | Q100: mr_k2l7CVZAmnJtKTDX-out_WFEo3VxmWt0N3Yhc-0
A101: dtp_1KXEA1GG31S0DAGQ | B101: derived | C101: Organic Carbon Content % - Applied | D101: Organic Carbon Content % - Applied | E101: 0.8593 | F101: 0 | H101: 85.93 | I101: 0 | J101: % | K101: =Source!A47 | L101: 251 - Combined Lab Analyses.pdf | Q101: mr_XXMcTBzPQWY14UCE-out_ye14SNxRG8b285JB-0
...

Sheet Source
A1: Source ID | B1: Type | C1: Display Name | D1: Published at | E1: Isometric URL | F1: Supplier reference ID
A3: src_1KCMCJKCR1S0ZHKZ | B3: document | C3: 123 - Combined Lab Analyses.pdf | D3: 46002 | E3: https://to.isometric.com/certify/src_1KCMCJKCR1S0ZHKZ | F3: 66713
A4: src_1KW06BDA81S0TE9E | B4: document | C4: Biochar Offtake Calculations.xlsx | D4: 45987 | E4: https://to.isometric.com/certify/src_1KW06BDA81S0TE9E | F4: ev_IUcU9bvdrQ2OsdXV-prj_1JN6XNWDQ1S0BSN7
A5: src_1KW06BFE01S0NCWD | B5: document | C5: Production Period 3 Summary.xlsx | D5: 46002 | E5: https://to.isometric.com/certify/src_1KW06BFE01S0NCWD | F5: ev_cwH5ZO366irKbE8s-prj_1JN6XNWDQ1S0BSN7
A6: src_1KW06BJE31S040B1 | B6: document | C6: 252 - Combined Lab Analyses.pdf | D6: 46002 | E6: https://to.isometric.com/certify/src_1KW06BJE31S040B1 | F6: ev_ESk7QapA9dMmwOLj-prj_1JN6XNWDQ1S0BSN7
A7: src_1KW06BPEP1S01789 | B7: document | C7: Summary - Biochar Inert & Unprocessed.csv | D7: 46007 | E7: https://to.isometric.com/certify/src_1KW06BPEP1S01789 | F7: ev_Bw7ZbH93OC29dTbc-prj_1JN6XNWDQ1S0BSN7
A8: src_1KWCC0B8K1S09AFN | B8: document | C8: GLEC NA Road Transport.png | D8: 45931 | E8: https://to.isometric.com/certify/src_1KWCC0B8K1S09AFN | F8: ev_t1Cb6cdD6KnjdbWb-prj_1JN6XNWDQ1S0BSN7
A9: src_1KWCSB6591S0322B | B9: document | C9: Production Period 1 Summary -- Final Submission (Updated 4_25).xlsx | D9: 46007 | E9: https://to.isometric.com/certify/src_1KWCSB6591S0322B | F9: ev_OOfLce2fDpWTPwbt-prj_1JN6XNWDQ1S0BSN7
A10: src_1KWCSCJBT1S04SM5 | B10: document | C10: Summary - Biochar Inert & Unprocessed.csv | D10: 46007 | E10: https://to.isometric.com/certify/src_1KWCSCJBT1S04SM5 | F10: ev_NT27hibzxgRGfzR2-prj_1JN6XNWDQ1S0BSN7
A11: src_1KWCSCVGZ1S0JWAA | B11: document | C11: Production Period 1 Summary -- Final Submission (Updated 4_25) (1).xlsx | D11: 46007 | E11: https://to.isometric.com/certify/src_1KWCSCVGZ1S0JWAA | F11: ev_qGueCPJS6n29VqVU-prj_1JN6XNWDQ1S0BSN7
A12: src_1KWCY02JD1S0TAAS | B12: document | C12: Production Period 2 Summary.xlsx | D12: 46003 | E12: https://to.isometric.com/certify/src_1KWCY02JD1S0TAAS | F12: ev_EO0WvwZYWELBGacJ-prj_1JN6XNWDQ1S0BSN7
A13: src_1KWCY07XX1S0W1WK | B13: document | C13: Summary - Biochar Inert & Unprocessed.csv | D13: 46007 | E13: https://to.isometric.com/certify/src_1KWCY07XX1S0W1WK | F13: ev_EYurv7k6HWr2cpEV-prj_1JN6XNWDQ1S0BSN7
A14: src_1KWCZNM9M1S0KTXG | B14: document | C14: 255 - Combined Lab Analyses.pdf | D14: 46002 | E14: https://to.isometric.com/certify/src_1KWCZNM9M1S0KTXG | F14: ev_IUG4X1nhxocWXpK8-prj_1JN6XNWDQ1S0BSN7
... A17: src_1KWZ28RXG1S043DG | B17: document | C17: Standard Emission Factors + Calculations (8).xlsx | D17: 46209 | E17: https://to.isometric.com/certify/src_1KWZ28RXG1S043DG | F17: ev_GbStK2YdL2Q5l7tl-prj_1JN6XNWDQ1S0BSN7
A18: src_1KXE9GFQT1S06X1Y | B18: document | C18: CO to Chris Craig Distance (1).png | D18: 46216 | E18: https://to.isometric.com/certify/src_1KXE9GFQT1S06X1Y
A19: src_1KXE9X50W1S05ARH | B19: document | C19: Charm-RetirementCertificate-RD-EACs-20251218 (1).pdf | D19: 46216 | E19: https://to.isometric.com/certify/src_1KXE9X50W1S05ARH
A20: src_1KXECA9TR1S0PGF5 | B20: document | C20: Production Period 4 Summary.xlsx | D20: 46002 | E20: https://to.isometric.com/certify/src_1KXECA9TR1S0PGF5 | F20: ev_Z6qHeW0fKcCvtlC0-prj_1JN6XNWDQ1S0BSN7
A21: src_1KXECAB7X1S0RRSE | B21: document | C21: 253 - Combined Lab Analyses.pdf | D21: 46002 | E21: https://to.isometric.com/certify/src_1KXECAB7X1S0RRSE | F21: ev_G3lI7mWaNLNF1fFV-prj_1JN6XNWDQ1S0BSN7
A22: src_1KXECAE631S0KQCD | B22: document | C22: 253 - Combined Lab Analyses.pdf | D22: 46002 | E22: https://to.isometric.com/certify/src_1KXECAE631S0KQCD | F22: ev_y9X7I9jESFNcxeT6-prj_1JN6XNWDQ1S0BSN7
A23: src_1KXECAG7D1S0828Y | B23: document | C23: Summary - Biochar Inert & Unprocessed.csv | D23: 46007 | E23: https://to.isometric.com/certify/src_1KXECAG7D1S0828Y | F23: ev_VJBOAeDI7sx0bsq3-prj_1JN6XNWDQ1S0BSN7
A24: src_1KXECAJ3F1S0XEPD | B24: document | C24: Production Period 4 Summary.xlsx | D24: 46002 | E24: https://to.isometric.com/certify/src_1KXECAJ3F1S0XEPD | F24: ev_KsvhMsIwKigKI2id-prj_1JN6XNWDQ1S0BSN7
A25: src_1KXGK3N921S0N79E | B25: document | C25: Production Period 7 Summary.xlsx | D25: 46002 | E25: https://to.isometric.com/certify/src_1KXGK3N921S0N79E | F25: ev_CXu5sFvrj2Luw8Kh-prj_1JN6XNWDQ1S0BSN7
A26: src_1KXGK3PNM1S0QFKQ | B26: document | C26: 256 - Combined Lab Analyses.pdf | D26: 46002 | E26: https://to.isometric.com/certify/src_1KXGK3PNM1S0QFKQ | F26: ev_zZkKN2u7zhKQsAF5-prj_1JN6XNWDQ1S0BSN7
A27: src_1KXGK3RNH1S0YSB1 | B27: document | C27: 256 - Combined Lab Analyses.pdf | D27: 46002 | E27: https://to.isometric.com/certify/src_1KXGK3RNH1S0YSB1 | F27: ev_B35cDmRcXQDHhLsw-prj_1JN6XNWDQ1S0BSN7
A28: src_1KXGK497M1S0K38A | B28: document | C28: Production Period 8 Summary (1).xlsx | D28: 46189 | E28: https://to.isometric.com/certify/src_1KXGK497M1S0K38A | F28: ev_OXRZnEHlLFAQJQAH-prj_1JN6XNWDQ1S0BSN7
A29: src_1KXGK4APC1S0TCZM | B29: document | C29: 5110270 Custom Biochar Reports.pdf | D29: 46189 | E29: https://to.isometric.com/certify/src_1KXGK4APC1S0TCZM | F29: ev_nRa1DInZpTB1Cpos-prj_1JN6XNWDQ1S0BSN7
A30: src_1KXGK4CM21S0B8RH | B30: document | C30: 5110270 Custom Biochar Reports.pdf | D30: 46189 | E30: https://to.isometric.com/certify/src_1KXGK4CM21S0B8RH | F30: ev_qfpdKRRXoGpQCG9U-prj_1JN6XNWDQ1S0BSN7
A31: src_1KXGK4VTB1S003E9 | B31: document | C31: August 2025 Production Period Summary (1).xlsx | D31: 46189 | E31: https://to.isometric.com/certify/src_1KXGK4VTB1S003E9 | F31: ev_e97G9g6KCG5bG4Ju-prj_1JN6XNWDQ1S0BSN7
... A41: src_1KYJPAZT51S0N0XA | B41: document | C41: soil_temperature_chris_craig.csv | D41: 46230 | E41: https://to.isometric.com/certify/src_1KYJPAZT51S0N0XA | F41: soil-temp-chris-craig
A42: src_1KYN4BC7D1S0RYQF | B42: document | C42: Biochar Removals Tracker — H1 2026.xlsx | D42: 46231 | E42: https://to.isometric.com/certify/src_1KYN4BC7D1S0RYQF
A43: src_1KYQ6W9EC1S00056 | B43: document | C43: Chris Craig 5.30.26 Scale Tickets.heic | D43: 46172 | E43: https://to.isometric.com/certify/src_1KYQ6W9EC1S00056 | F43: scale-cc-5-30-26
A44: src_1KYQ6WC7A1S0KN0V | B44: document | C44: Chris Craig 6.6.26 Scale Tickets.png | D44: 46179 | E44: https://to.isometric.com/certify/src_1KYQ6WC7A1S0KN0V | F44: scale-cc-6-6-26
A45: src_1KYQ6WF1C1S079WG | B45: document | C45: March 20 Brenner Farms Scale Ticket.png | D45: 46101 | E45: https://to.isometric.com/certify/src_1KYQ6WF1C1S079WG | F45: scale-brenner-3-20-26
A46: src_1KYQ7DMC71S0Q8DM | B46: document | C46: 20260121_Scale_Ticket.pdf | D46: 46232 | E46: https://to.isometric.com/certify/src_1KYQ7DMC71S0Q8DM | F46: scale-brenner-1-20-26
A47: src_1KYQQ6PQ61S0K99V | B47: document | C47: 251 - Combined Lab Analyses.pdf | D47: 46232 | E47: https://to.isometric.com/certify/src_1KYQQ6PQ61S0K99V | F47: 251-combined-lab-analyses-20260729
A48: src_1KYQSQN1K1S0T7H3 | B48: document | C48: McCreath Analysis - BGN CHAR 252 (H26050602).pdf | D48: 46150 | E48: https://to.isometric.com/certify/src_1KYQSQN1K1S0T7H3 | F48: mccreath-252-H26050602-20260508
A49: src_1KYQXKCQY1S0CMX8 | B49: document | C49: Summary - Biochar Inert & Unprocessed.csv | D49: 46232 | E49: https://to.isometric.com/certify/src_1KYQXKCQY1S0CMX8 | F49: biochar-inert-unprocessed-map-v2-20260729
A50: src_1KYT9DEY21S0NADN | B50: document | C50: Chris Craig Delivery Notes.xlsx | D50: 46233 | E50: https://to.isometric.com/certify/src_1KYT9DEY21S0NADN | F50: delivery-note-chris-craig-v5-pyrobasis-20260730
A51: src_1KYT9DGYK1S08Z9A | B51: document | C51: Brenner Farms Delivery Notes.xlsx | D51: 46233 | E51: https://to.isometric.com/certify/src_1KYT9DGYK1S08Z9A | F51: delivery-note-brenner-v5-pyrobasis-20260730
A52: src_1KYTHE3GQ1S0N188 | B52: document | C52: September 2025 Production Period Summary.xlsx | D52: 46233 | E52: https://to.isometric.com/certify/src_1KYTHE3GQ1S0N188 | F52: pp-summary-259-sept2025-corrected-20260730
A53: src_1KYTHE5NR1S08P3X | B53: document | C53: Production Period 6 Summary.xlsx | D53: 46233 | E53: https://to.isometric.com/certify/src_1KYTHE5NR1S08P3X | F53: pp-summary-255-pp6-current-20260730

Sheet List Values
A1: Input to expression ID | B1: Result of expression ID | C1: Datapoint ID | D1: Variable name | E1: Value | F1: Unit | G1: List Index
A3: =Expression!A11 | C3: =Datapoint!A227 | D3: cmp_1KXERCP431S06AG6_h_c_molar_ratios | E3: 0.46333 | G3: 0
A4: =Expression!A14 | C4: =Datapoint!A231 | D4: cmp_1KXERCP431S06AG6_total_carbon_contents | E4: 85.93 | F4: % | G4: 0
A5: =Expression!A14 | C5: =Datapoint!A228 | D5: cmp_1KXERCP431S06AG6_inorganic_carbon_contents | E5: 0.27 | F5: % | G5: 0
A6: =Expression!A29 | C6: =Datapoint!A187 | D6: cmp_1KXEJCGYM1S0NCCM_h_c_molar_ratios | E6: 0.46 | G6: 0
A7: =Expression!A32 | C7: =Datapoint!A191 | D7: cmp_1KXEJCGYM1S0NCCM_total_carbon_contents | E7: 84.133 | F7: % | G7: 0
A8: =Expression!A32 | C8: =Datapoint!A188 | D8: cmp_1KXEJCGYM1S0NCCM_inorganic_carbon_contents | E8: 0.2 | F8: % | G8: 0
A9: =Expression!A45 | C9: =Datapoint!A305 | D9: cmp_1KXGK45BZ1S0SCDY_h_c_molar_ratios | E9: 0.41667 | G9: 0
A10: =Expression!A48 | C10: =Datapoint!A309 | D10: cmp_1KXGK45BZ1S0SCDY_total_carbon_contents | E10: 85.5 | F10: % | G10: 0
A11: =Expression!A48 | C11: =Datapoint!A306 | D11: cmp_1KXGK45BZ1S0SCDY_inorganic_carbon_contents | E11: 0.2333 | F11: % | G11: 0
A12: =Expression!A58 | C12: =Datapoint!A495 | D12: cmp_1KY57NCC21S06P88_h_c_molar_ratios | E12: 0.41667 | G12: 0
A13: =Expression!A61 | C13: =Datapoint!A499 | D13: cmp_1KY57NCC21S06P88_total_carbon_contents | E13: 85.5 | F13: % | G13: 0
A14: =Expression!A61 | C14: =Datapoint!A496 | D14: cmp_1KY57NCC21S06P88_inorganic_carbon_contents | E14: 0.2333 | F14: % | G14: 0
A15: =Expression!A70 | C15: =Datapoint!A377 | D15: cmp_1KXKGXJB61S0DEPE_h_c_molar_ratios | E15: 0.28667 | G15: 0
A16: =Expression!A73 | C16: =Datapoint!A379 | D16: cmp_1KXKGXJB61S0DEPE_total_carbon_contents | E16: 90.067 | F16: % | G16: 0
A17: =Expression!A73 | C17: =Datapoint!A378 | D17: cmp_1KXKGXJB61S0DEPE_inorganic_carbon_contents | E17: 0.4 | F17: % | G17: 0
A18: =Expression!A94 | C18: =Datapoint!A206 | D18: cmp_1KXEJD28G1S0K8BG_h_c_molar_ratios | E18: 0.45667 | G18: 0
A19: =Expression!A97 | C19: =Datapoint!A210 | D19: cmp_1KXEJD28G1S0K8BG_total_carbon_contents | E19: 83.6 | F19: % | G19: 0
A20: =Expression!A97 | C20: =Datapoint!A207 | D20: cmp_1KXEJD28G1S0K8BG_inorganic_carbon_contents | E20: 0.2 | F20: % | G20: 0
A21: =Expression!A113 | C21: =Datapoint!A59 | D21: cmp_1KWCZP1M61S0EE0D_h_c_molar_ratios | E21: 0.45667 | G21: 0
A22: =Expression!A116 | C22: =Datapoint!A63 | D22: cmp_1KWCZP1M61S0EE0D_total_carbon_contents | E22: 83.6 | F22: % | G22: 0
A23: =Expression!A116 | C23: =Datapoint!A60 | D23: cmp_1KWCZP1M61S0EE0D_inorganic_carbon_contents | E23: 0.2 | F23: % | G23: 0
A24: =Expression!A131 | C24: =Datapoint!A394 | D24: cmp_1KXKP77Q21S0MHK0_h_c_molar_ratios | E24: 0.35 | G24: 0
A25: =Expression!A134 | C25: =Datapoint!A396 | D25: cmp_1KXKP77Q21S0MHK0_total_carbon_contents | E25: 80.126 | F25: % | G25: 0
A26: =Expression!A134 | C26: =Datapoint!A395 | D26: cmp_1KXKP77Q21S0MHK0_inorganic_carbon_contents | E26: 0.18 | F26: % | G26: 0
A27: =Expression!A142 | C27: =Datapoint!A267 | D27: cmp_1KXGK2Y3V1S0XMG6_h_c_molar_ratios | E27: 0.46 | G27: 0
A28: =Expression!A145 | C28: =Datapoint!A271 | D28: cmp_1KXGK2Y3V1S0XMG6_total_carbon_contents | E28: 84.133 | F28: % | G28: 0
A29: =Expression!A145 | C29: =Datapoint!A268 | D29: cmp_1KXGK2Y3V1S0XMG6_inorganic_carbon_contents | E29: 0.2 | F29: % | G29: 0
A30: =Expression!A161 | C30: =Datapoint!A77 | D30: cmp_1KXE4AHAG1S0PDC6_h_c_molar_ratios | E30: 0.44 | G30: 0
A31: =Expression!A164 | C31: =Datapoint!A81 | D31: cmp_1KXE4AHAG1S0PDC6_total_carbon_contents | E31: 85.2 | F31: % | G31: 0
A32: =Expression!A164 | C32: =Datapoint!A78 | D32: cmp_1KXE4AHAG1S0PDC6_inorganic_carbon_contents | E32: 0.267 | F32: % | G32: 0
A33: =Expression!A186 | C33: =Datapoint!A166 | D33: cmp_1KXEHAAVZ1S07R49_h_c_molar_ratios | E33: 0.44 | G33: 0
A34: =Expression!A189 | C34: =Datapoint!A170 | D34: cmp_1KXEHAAVZ1S07R49_total_carbon_contents | E34: 85.2 | F34: % | G34: 0
A35: =Expression!A189 | C35: =Datapoint!A167 | D35: cmp_1KXEHAAVZ1S07R49_inorganic_carbon_contents | E35: 0.267 | F35: % | G35: 0
A36: =Expression!A235 | C36: =Datapoint!A340 | D36: cmp_1KXGK5BMT1S0WYVF_h_c_molar_ratios | E36: 0.32 | G36: 0
A37: =Expression!A238 | C37: =Datapoint!A344 | D37: cmp_1KXGK5BMT1S0WYVF_total_carbon_contents | E37: 86.8 | F37: % | G37: 0
A38: =Expression!A238 | C38: =Datapoint!A341 | D38: cmp_1KXGK5BMT1S0WYVF_inorganic_carbon_contents | E38: 0.4333 | F38: % | G38: 0
A39: =Expression!A246 | C39: =Datapoint!A530 | D39: cmp_1KYA6ANEE1S02PKB_h_c_molar_ratios | E39: 0.41667 | G39: 0
A40: =Expression!A249 | C40: =Datapoint!A534 | D40: cmp_1KYA6ANEE1S02PKB_total_carbon_contents | E40: 85.5 | F40: % | G40: 0
A41: =Expression!A249 | C41: =Datapoint!A531 | D41: cmp_1KYA6ANEE1S02PKB_inorganic_carbon_contents | E41: 0.2333 | F41: % | G41: 0
A42: =Expression!A261 | C42: =Datapoint!A549 | D42: cmp_1KYA74ZX41S0WTRX_h_c_molar_ratios | E42: 0.28667 | G42: 0
A43: =Expression!A264 | C43: =Datapoint!A553 | D43: cmp_1KYA74ZX41S0WTRX_total_carbon_contents | E43: 90.067 | F43: % | G43: 0
A44: =Expression!A264 | C44: =Datapoint!A550 | D44: cmp_1KYA74ZX41S0WTRX_inorganic_carbon_contents | E44: 0.4 | F44: % | G44: 0
A45: =Expression!A276 | C45: =Datapoint!A145 | D45: cmp_1KXECAV741S0M1X7_h_c_molar_ratios | E45: 0.46 | G45: 0
A46: =Expression!A279 | C46: =Datapoint!A149 | D46: cmp_1KXECAV741S0M1X7_total_carbon_contents | E46: 84.133 | F46: % | G46: 0
A47: =Expression!A279 | C47: =Datapoint!A146 | D47: cmp_1KXECAV741S0M1X7_inorganic_carbon_contents | E47: 0.2 | F47: % | G47: 0
A48: =Expression!A292 | C48: =Datapoint!A447 | D48: cmp_1KY38KE1C1S0FMED_h_c_molar_ratios | E48: 0.3467 | G48: 0
A49: =Expression!A295 | C49: =Datapoint!A451 | D49: cmp_1KY38KE1C1S0FMED_total_carbon_contents | E49: 87.4334 | F49: % | G49: 0
A50: =Expression!A295 | C50: =Datapoint!A448 | D50: cmp_1KY38KE1C1S0FMED_inorganic_carbon_contents | E50: 0.3333 | F50: % | G50: 0
A51: =Expression!A305 | C51: =Datapoint!A246 | D51: cmp_1KXERD7151S046F2_h_c_molar_ratios | E51: 0.35 | G51: 0
A52: =Expression!A308 | C52: =Datapoint!A250 | D52: cmp_1KXERD7151S046F2_total_carbon_contents | E52: 80.126 | F52: % | G52: 0
A53: =Expression!A308 | C53: =Datapoint!A247 | D53: cmp_1KXERD7151S046F2_inorganic_carbon_contents | E53: 0.18 | F53: % | G53: 0
A54: =Expression!A317 | C54: =Datapoint!A479 | D54: cmp_1KY57MT101S0QDR0_h_c_molar_ratios | E54: 0.32 | G54: 0
A55: =Expression!A320 | C55: =Datapoint!A483 | D55: cmp_1KY57MT101S0QDR0_total_carbon_contents | E55: 86.8 | F55: % | G55: 0
A56: =Expression!A320 | C56: =Datapoint!A480 | D56: cmp_1KY57MT101S0QDR0_inorganic_carbon_contents | E56: 0.4333 | F56: % | G56: 0
A57: =Expression!A328 | C57: =Datapoint!A286 | D57: cmp_1KXGK3HP81S0VGF2_h_c_molar_ratios | E57: 0.45667 | G57: 0
A58: =Expression!A331 | C58: =Datapoint!A290 | D58: cmp_1KXGK3HP81S0VGF2_total_carbon_contents | E58: 83.6 | F58: % | G58: 0
A59: =Expression!A331 | C59: =Datapoint!A287 | D59: cmp_1KXGK3HP81S0VGF2_inorganic_carbon_contents | E59: 0.2 | F59: % | G59: 0
A60: =Expression!A340 | C60: =Datapoint!A97 | D60: cmp_1KXEA1TH21S0G8VW_h_c_molar_ratios | E60: 0.46333 | G60: 0
A61: =Expression!A343 | C61: =Datapoint!A101 | D61: cmp_1KXEA1TH21S0G8VW_total_carbon_contents | E61: 85.93 | F61: % | G61: 0
A62: =Expression!A343 | C62: =Datapoint!A98 | D62: cmp_1KXEA1TH21S0G8VW_inorganic_carbon_contents | E62: 0.27 | F62: % | G62: 0
A63: =Expression!A356 | C63: =Datapoint!A431 | D63: cmp_1KY02PYB11S00WDX_h_c_molar_ratios | E63: 0.32 | G63: 0
A64: =Expression!A359 | C64: =Datapoint!A435 | D64: cmp_1KY02PYB11S00WDX_total_carbon_contents | E64: 86.8 | F64: % | G64: 0
A65: =Expression!A359 | C65: =Datapoint!A432 | D65: cmp_1KY02PYB11S00WDX_inorganic_carbon_contents | E65: 0.4333 | F65: % | G65: 0
A66: =Expression!A379 | C66: =Datapoint!A463 | D66: cmp_1KY57M9F81S0FEZ2_h_c_molar_ratios | E66: 0.3467 | G66: 0
A67: =Expression!A382 | C67: =Datapoint!A467 | D67: cmp_1KY57M9F81S0FEZ2_total_carbon_contents | E67: 87.4334 | F67: % | G67: 0
A68: =Expression!A382 | C68: =Datapoint!A464 | D68: cmp_1KY57M9F81S0FEZ2_inorganic_carbon_contents | E68: 0.3333 | F68: % | G68: 0
A69: =Expression!A390 | C69: =Datapoint!A23 | D69: cmp_1KWCSDFQF1S0RKR7_h_c_molar_ratios | E69: 0.44 | G69: 0
A70: =Expression!A393 | C70: =Datapoint!A27 | D70: cmp_1KWCSDFQF1S0RKR7_total_carbon_contents | E70: 85.2 | F70: % | G70: 0
A71: =Expression!A393 | C71: =Datapoint!A24 | D71: cmp_1KWCSDFQF1S0RKR7_inorganic_carbon_contents | E71: 0.267 | F71: % | G71: 0
A72: =Expression!A402 | C72: =Datapoint!A415 | D72: cmp_1KY02PC6H1S0RXMZ_h_c_molar_ratios | E72: 0.3467 | G72: 0
A73: =Expression!A405 | C73: =Datapoint!A419 | D73: cmp_1KY02PC6H1S0RXMZ_total_carbon_contents | E73: 87.4334 | F73: % | G73: 0
A74: =Expression!A405 | C74: =Datapoint!A416 | D74: cmp_1KY02PC6H1S0RXMZ_inorganic_carbon_contents | E74: 0.3333 | F74: % | G74: 0
A75: =Expression!A413 | C75: =Datapoint!A565 | D75: cmp_1KYA75EW41S0KD0F_h_c_molar_ratios | E75: 0.32 | G75: 0
A76: =Expression!A416 | C76: =Datapoint!A569 | D76: cmp_1KYA75EW41S0KD0F_total_carbon_contents | E76: 86.8 | F76: % | G76: 0
A77: =Expression!A416 | C77: =Datapoint!A566 | D77: cmp_1KYA75EW41S0KD0F_inorganic_carbon_contents | E77: 0.4333 | F77: % | G77: 0
A78: =Expression!A432 | C78: =Datapoint!A324 | D78: cmp_1KXGK4R131S0N02H_h_c_molar_ratios | E78: 0.3467 | G78: 0
A79: =Expression!A435 | C79: =Datapoint!A328 | D79: cmp_1KXGK4R131S0N02H_total_carbon_contents | E79: 87.4334 | F79: % | G79: 0
A80: =Expression!A435 | C80: =Datapoint!A325 | D80: cmp_1KXGK4R131S0N02H_inorganic_carbon_contents | E80: 0.3333 | F80: % | G80: 0
A81: =Expression!A456 | C81: =Datapoint!A124 | D81: cmp_1KXEBV2PW1S0P1N6_h_c_molar_ratios | E81: 0.35 | G81: 0
A82: =Expression!A459 | C82: =Datapoint!A128 | D82: cmp_1KXEBV2PW1S0P1N6_total_carbon_contents | E82: 80.126 | F82: % | G82: 0
A83: =Expression!A459 | C83: =Datapoint!A125 | D83: cmp_1KXEBV2PW1S0P1N6_inorganic_carbon_contents | E83: 0.18 | F83: % | G83: 0
A84: =Expression!A468 | C84: =Datapoint!A5 | D84: cmp_1KWCC0FY31S037HP_h_c_molar_ratios | E84: 0.35 | G84: 0
A85: =Expression!A471 | C85: =Datapoint!A9 | D85: cmp_1KWCC0FY31S037HP_total_carbon_contents | E85: 80.126 | F85: % | G85: 0
A86: =Expression!A471 | C86: =Datapoint!A6 | D86: cmp_1KWCC0FY31S037HP_inorganic_carbon_contents | E86: 0.18 | F86: % | G86: 0
A87: =Expression!A486 | C87: =Datapoint!A360 | D87: cmp_1KXKGW8131S0S4S5_h_c_molar_ratios | E87: 0.28667 | G87: 0
A88: =Expression!A489 | C88: =Datapoint!A362 | D88: cmp_1KXKGW8131S0S4S5_total_carbon_contents | E88: 90.067 | F88: % | G88: 0
A89: =Expression!A489 | C89: =Datapoint!A361 | D89: cmp_1KXKGW8131S0S4S5_inorganic_carbon_contents | E89: 0.4 | F89: % | G89: 0
A90: =Expression!A499 | C90: =Datapoint!A514 | D90: cmp_1KY5G7F3N1S00HBS_h_c_molar_ratios | E90: 0.46 | G90: 0
A91: =Expression!A502 | C91: =Datapoint!A518 | D91: cmp_1KY5G7F3N1S00HBS_total_carbon_contents | E91: 83.2667 | F91: % | G91: 0
A92: =Expression!A502 | C92: =Datapoint!A515 | D92: cmp_1KY5G7F3N1S00HBS_inorganic_carbon_contents | E92: 0.2 | F92: % | G92: 0
A93: =Expression!A522 | C93: =Datapoint!A41 | D93: cmp_1KWCY0G8W1S0MXDP_h_c_molar_ratios | E93: 0.46333 | G93: 0
A94: =Expression!A525 | C94: =Datapoint!A45 | D94: cmp_1KWCY0G8W1S0MXDP_total_carbon_contents | E94: 85.93 | F94: % | G94: 0
A95: =Expression!A525 | C95: =Datapoint!A42 | D95: cmp_1KWCY0G8W1S0MXDP_inorganic_carbon_contents | E95: 0.27 | F95: % | G95: 0

Sheet Measurement Locations
A1: Measurement Location ID | B1: Supplier Reference ID | C1: Latitude | D1: Longitude
