Workbook
Name EmbodiedEF_Truck: Totes!$B$7
Name ProcessEF: 'RP Railcar Movement'!$B$7
Name ProcessEF_Truck: Totes!$B$6
Name EmbodiedEF: 'RP Railcar Movement'!$B$8

Sheet Summary
B1: Railcar Movement
A2: Process Emissions (kgs) | B2: ='RP Railcar Movement'!E16*1000 -> 477.11363
A3: Embodied Emissions (kgs) | B3: ='RP Railcar Movement'!F16*1000 -> 573.24071
A4: Total Emissions(kgs) | B4: =B2+B3 -> 1050.3543
B6: Tote Movement
A7: Process Emissions (kgs) | B7: =Totes!H14*1000 -> 1378.6819
A8: Embodied Emissions (kgs) | B8: =Totes!I14*1000 -> 926.16713
A9: Total Emissions(kgs) | B9: =B7+B8 -> 2304.849
B11: Combined Movement
A12: Process Emissions (kgs) | B12: =B7+B2 -> 1855.7955
A13: Embodied Emissions (kgs) | B13: =B8+B3 -> 1499.4078
A14: Total Emissions(kgs) | B14: =B13+B12 -> 3355.2034

Sheet RP Railcar Movement
A1: Reporting Period | B1: June 1 - June 30, 2026
A2: Movement Type | B2: Unloaded railcar movements (one-offs) - no bio-oil transported
A3: Total Trips | B3: 11 | C3: Total Miles | D3: =SUM('Trip Detail'!F2:F12) -> 18414
A5: EMISSION FACTORS
A6: Factor | B6: Value | C6: Units | D6: Source
A7: Rail Process Emission Factor | B7: 2.5910374e-05 | C7: tCO2e / car-mile | D7: GLEC V3.2 2025
A8: Rail Embodied Emission Factor | B8: 3.11307e-05 | C8: tCO2e / car-mile | D8: GLEC V3.2 2025
A10: UNLOADED TRANSPORT - ROUTE SUMMARY
A11: Route | B11: Cars | C11: Miles / Car | D11: Total Car-Miles | E11: Process Emissions (tCO2e) | F11: Embodied Emissions (tCO2e) | G11: Total Emissions (tCO2e)
A13: Sarnia, ON --> Baie-Comeau, PQ (Rail) | B13: 1 | C13: 630 | D13: =B13*C13 -> 630 | E13: =D13*ProcessEF -> 0.016323536 | F13: =D13*EmbodiedEF -> 0.019612341 | G13: =E13+F13 -> 0.035935877
A14: Opelousas, LA --> Ardmore, OK (Rail) | B14: 3 | C14: 552 | D14: =B14*C14 -> 1656 | E14: =D14*ProcessEF -> 0.042907579 | F14: =D14*EmbodiedEF -> 0.051552439 | G14: =E14+F14 -> 0.094460019
A15: Sheldon, TX --> Baie-Comeau, PQ (Rail) | B15: 7 | C15: 2304 | D15: =B15*C15 -> 16128 | E15: =D15*ProcessEF -> 0.41788251 | F15: =D15*EmbodiedEF -> 0.50207593 | G15: =E15+F15 -> 0.91995844
A16: TOTAL | B16: =SUM(B13:B15) -> 11 | D16: =SUM(D13:D15) -> 18414 | E16: =SUM(E13:E15) -> 0.47711363 | F16: =SUM(F13:F15) -> 0.57324071 | G16: =SUM(G13:G15) -> 1.0503543

Sheet Totes
A1: Reporting Period | B1: June 1 - June 30, 2026 | G1: Total Totes per Truck | H1: 36
A2: Movement Type | B2: Tote flatbed truck movements | G2: Weight of tote | H2: 57.6
A4: EMISSION FACTORS (truck)
A5: Factor | B5: Value | C5: Units | D5: Source
A6: Truck Process (Fuel, WTW) - Flatbed | B6: 0.0001384 | C6: tCO2e / ton-mile | D6: GLEC V3.2 2025
A7: Truck Embodied - Non-Tanker | B7: 0.00019279083 | C7: tCO2e / mile | D7: GLEC V3.2 2025
A9: Date | B9: Movement | C9: Origin | D9: Destination | E9: BOL | F9: Miles (1-way) | G9: Payload (MT) | H9: Process (tCO2e) | I9: Embodied (tCO2e) | J9: Total (tCO2e)
A10: 2026-06-07 | B10: Empty totes | C10: St. Landry, LA | D10: Ft. Lupton, CO | E10: LACO02 | F10: 1201 | G10: =$H$1*$H$2/1000 -> 2.0736 | H10: =G10*F10*ProcessEF_Truck -> 0.34467047 | I10: =F10*EmbodiedEF_Truck -> 0.23154178 | J10: =H10+I10 -> 0.57621226
A11: 2026-06-21 | B11: Empty totes | C11: St. Landry, LA | D11: Ft. Lupton, CO | E11: LACO04 | F11: 1201 | G11: =$H$1*$H$2/1000 -> 2.0736 | H11: =G11*F11*ProcessEF_Truck -> 0.34467047 | I11: =F11*EmbodiedEF_Truck -> 0.23154178 | J11: =H11+I11 -> 0.57621226
A12: 2026-06-23 | B12: Empty totes | C12: St. Landry, LA | D12: Ft. Lupton, CO | E12: LACO05 | F12: 1201 | G12: =$H$1*$H$2/1000 -> 2.0736 | H12: =G12*F12*ProcessEF_Truck -> 0.34467047 | I12: =F12*EmbodiedEF_Truck -> 0.23154178 | J12: =H12+I12 -> 0.57621226
A13: 2026-06-27 | B13: Empty totes | C13: St. Landry, LA | D13: Ft. Lupton, CO | E13: LACO06 | F13: 1201 | G13: =$H$1*$H$2/1000 -> 2.0736 | H13: =G13*F13*ProcessEF_Truck -> 0.34467047 | I13: =F13*EmbodiedEF_Truck -> 0.23154178 | J13: =H13+I13 -> 0.57621226
A14: LA->CO empty-return subtotal (tCO2e): | H14: =H10+H11+H12+H13 -> 1.3786819 | I14: =I10+I11+I12+I13 -> 0.92616713 | J14: =J10+J11+J12+J13 -> 2.304849

Sheet Trip Detail
A1: Start Date | B1: End Date | C1: Railcar | D1: Origin | E1: Destination | F1: Miles | G1: Process Emissions (tCO2e) | H1: Embodied Emissions (tCO2e) | I1: Process Formula
A2: 2026-06-03 | B2: 2026-06-03 | C2: GPRX 5107 | D2: SARNIA, ON | E2: BAIE COMEAU, PQ | F2: 630 | G2: =F2*ProcessEF -> 0.016323536 | H2: =F2*EmbodiedEF -> 0.019612341 | I2: Miles x ProcessEF
A3: 2026-06-12 | B3: 2026-06-12 | C3: STPX 094624 | D3: OPELOUSAS, LA | E3: ARDMORE, OK | F3: 552 | G3: =F3*ProcessEF -> 0.014302526 | H3: =F3*EmbodiedEF -> 0.017184146 | I3: Miles x ProcessEF
A4: 2026-06-12 | B4: 2026-06-12 | C4: STPX 094625 | D4: OPELOUSAS, LA | E4: ARDMORE, OK | F4: 552 | G4: =F4*ProcessEF -> 0.014302526 | H4: =F4*EmbodiedEF -> 0.017184146 | I4: Miles x ProcessEF
A5: 2026-06-12 | B5: 2026-06-12 | C5: STPX 094626 | D5: OPELOUSAS, LA | E5: ARDMORE, OK | F5: 552 | G5: =F5*ProcessEF -> 0.014302526 | H5: =F5*EmbodiedEF -> 0.017184146 | I5: Miles x ProcessEF
A6: 2026-06-16 | B6: 2026-06-16 | C6: SHPX 215079 | D6: SHELDON, TX | E6: BAIE COMEAU, PQ | F6: 2304 | G6: =F6*ProcessEF -> 0.059697502 | H6: =F6*EmbodiedEF -> 0.071725133 | I6: Miles x ProcessEF
A7: 2026-06-17 | B7: 2026-06-17 | C7: SHPX 215068 | D7: SHELDON, TX | E7: BAIE COMEAU, PQ | F7: 2304 | G7: =F7*ProcessEF -> 0.059697502 | H7: =F7*EmbodiedEF -> 0.071725133 | I7: Miles x ProcessEF
A8: 2026-06-17 | B8: 2026-06-17 | C8: SHPX 215070 | D8: SHELDON, TX | E8: BAIE COMEAU, PQ | F8: 2304 | G8: =F8*ProcessEF -> 0.059697502 | H8: =F8*EmbodiedEF -> 0.071725133 | I8: Miles x ProcessEF
A9: 2026-06-17 | B9: 2026-06-17 | C9: SHPX 215076 | D9: SHELDON, TX | E9: BAIE COMEAU, PQ | F9: 2304 | G9: =F9*ProcessEF -> 0.059697502 | H9: =F9*EmbodiedEF -> 0.071725133 | I9: Miles x ProcessEF
A10: 2026-06-17 | B10: 2026-06-17 | C10: SHPX 215078 | D10: SHELDON, TX | E10: BAIE COMEAU, PQ | F10: 2304 | G10: =F10*ProcessEF -> 0.059697502 | H10: =F10*EmbodiedEF -> 0.071725133 | I10: Miles x ProcessEF
A11: 2026-06-17 | B11: 2026-06-17 | C11: SHPX 215082 | D11: SHELDON, TX | E11: BAIE COMEAU, PQ | F11: 2304 | G11: =F11*ProcessEF -> 0.059697502 | H11: =F11*EmbodiedEF -> 0.071725133 | I11: Miles x ProcessEF
A12: 2026-06-17 | B12: 2026-06-17 | C12: SHPX 215090 | D12: SHELDON, TX | E12: BAIE COMEAU, PQ | F12: 2304 | G12: =F12*ProcessEF -> 0.059697502 | H12: =F12*EmbodiedEF -> 0.071725133 | I12: Miles x ProcessEF
A13: TOTAL | F13: =SUM(F2:F12) -> 18414 | G13: =SUM(G2:G12) -> 0.47711363 | H13: =SUM(H2:H12) -> 0.57324071

Sheet Distance Evidence - From Carrie
A1: Origin | B1: Destination | C1: Miles (Rail) | D1: Source
A2: BAIE COMEAU, PQ | B2: MAIZE, KS | C2: 2180 | D2: Carrier
A3: BAIE COMEAU, PQ | B3: OPELOUSAS, LA | C3: 2199 | D3: Carrier
A4: BAIE COMEAU, PQ | B4: SARNIA, ON | C4: 630 | D4: Carrier
A5: BAIE COMEAU, PQ | B5: CAIRO, IL | C5: 1580 | D5: Carrier
A6: OPELOUSAS, LA | B6: CAIRO, IL | C6: 950 | D6: Carrier
A7: IRAPUATO, GJ | B7: BAIE COMEAU, PQ | C7: 3100 | D7: Carrier
A8: NASH, TX | B8: BAIE COMEAU, PQ | C8: 2200 | D8: Carrier
A9: CERES, CO | B9: DUBOIS, PA | C9: 1820 | D9: Carrier
A10: SHOP - LA SALLE, PQ | B10: DUBOIS, PA | C10: 780 | D10: Carrier
A11: ARDMORE, OK | B11: WICHITA FALLS, TX | C11: 115 | D11: Carrier
A12: SARNIA, ON | B12: BAIE COMEAU, PQ | C12: 630 | D12: Carrier
A13: OPELOUSAS, LA | B13: BATON ROUGE, LA | C13: 80 | D13: Carrier
... A17: SHELDON, TX | B17: BAIE COMEAU, PQ | C17: 2304 | D17: Carrier
