Workbook

Sheet Filtered Inventory
A1: itag_code | B1: security_tag | C1: container | D1: mass_kg | E1: inventory_status | F1: location | G1: shipping_order_number | H1: shipped_on | I1: production_date | J1: production_period | K1: pedigree | L1: inventory_status_code
A2: CHARM10002181 | B2: 40283 | C2: CHARM10001977 | D2: 180 | E2: In Inventory | F2: Bio Char Storage | I2: 45561 | J2: 2409 | L2: AVAILABLE
A3: CHARM10002182 | B3: 40282 | C3: CHARM10001978 | D3: 187 | E3: In Inventory | F3: Bio Char Storage | I3: 45561 | J3: 2409 | L3: AVAILABLE
A4: CHARM10002183 | B4: 40297 | C4: CHARM10001979 | D4: 110 | E4: In Inventory | F4: Bio Char Storage | I4: 45565 | J4: 2409 | L4: AVAILABLE
A5: CHARM10002184 | B5: 40259 | C5: CHARM10001980 | D5: 115 | E5: In Inventory | F5: Bio Char Storage | I5: 45565 | J5: 2409 | L5: AVAILABLE
A6: CHARM10002595 | B6: 557773 | C6: CHARM10002594 | D6: 135 | E6: In Inventory | F6: Bio Char Storage | I6: 45567 | J6: 2410 | L6: AVAILABLE
A7: CHARM10002604 | B7: 557772 | C7: CHARM10002596 | D7: 153 | E7: In Inventory | F7: Bio Char Storage | I7: 45567 | J7: 2410 | L7: AVAILABLE
A8: CHARM10002605 | B8: 557716 | C8: CHARM10002597 | D8: 138.5 | E8: In Inventory | F8: Bio Char Storage | I8: 45568 | J8: 2410 | L8: AVAILABLE
A9: CHARM10002606 | B9: 557722 | C9: CHARM10002598 | D9: 145.5 | E9: In Inventory | F9: Bio Char Storage | I9: 45568 | J9: 2410 | L9: AVAILABLE
A10: CHARM10002608 | B10: 557706 | C10: CHARM10002600 | D10: 137 | E10: In Inventory | F10: Bio Char Storage | I10: 45573 | J10: 2410 | L10: AVAILABLE
A11: CHARM10002609 | B11: 557711 | C11: CHARM10002601 | D11: 103 | E11: In Inventory | F11: Bio Char Storage | I11: 45573 | J11: 2410 | L11: AVAILABLE
A12: CHARM10002611 | B12: 557634 | C12: CHARM10002603 | D12: 193.5 | E12: In Inventory | F12: Bio Char Storage | I12: 45573 | J12: 2410 | L12: AVAILABLE
A13: CHARM10002187 | B13: 40222 | C13: CHARM10001983 | D13: 147 | E13: In Inventory | F13: Bio Char Storage | I13: 45575 | J13: 2410 | L13: AVAILABLE
... A92: CHARM10002853 | B92: 40220 | C92: CHARM10002803 | D92: 131 | E92: In Inventory | F92: Bio Char Storage | I92: 45655 | J92: 2412 | L92: AVAILABLE

Sheet Summary
A1: Source: Manufacturo Data tab of "Char Shipment Log & MFO data"
A2: Filter: inventory_status = "In Inventory" AND production_date in 2024
A3: Filtered rows: 91
A5: Month | B5: Bags in inventory | C5: Mass (kg)
A6: 2024-01 | B6: =COUNTIFS('Filtered Inventory'!I2:I92,">="&DATE(2024,1,1),'Filtered Inventory'!I2:I92,"<"&DATE(2024,2,1)) | C6: =SUMIFS('Filtered Inventory'!D2:D92,'Filtered Inventory'!I2:I92,">="&DATE(2024,1,1),'Filtered Inventory'!I2:I92,"<"&DATE(2024,2,1))
A7: 2024-02 | B7: =COUNTIFS('Filtered Inventory'!I2:I92,">="&DATE(2024,2,1),'Filtered Inventory'!I2:I92,"<"&DATE(2024,3,1)) | C7: =SUMIFS('Filtered Inventory'!D2:D92,'Filtered Inventory'!I2:I92,">="&DATE(2024,2,1),'Filtered Inventory'!I2:I92,"<"&DATE(2024,3,1))
A8: 2024-03 | B8: =COUNTIFS('Filtered Inventory'!I2:I92,">="&DATE(2024,3,1),'Filtered Inventory'!I2:I92,"<"&DATE(2024,4,1)) | C8: =SUMIFS('Filtered Inventory'!D2:D92,'Filtered Inventory'!I2:I92,">="&DATE(2024,3,1),'Filtered Inventory'!I2:I92,"<"&DATE(2024,4,1))
A9: 2024-04 | B9: =COUNTIFS('Filtered Inventory'!I2:I92,">="&DATE(2024,4,1),'Filtered Inventory'!I2:I92,"<"&DATE(2024,5,1)) | C9: =SUMIFS('Filtered Inventory'!D2:D92,'Filtered Inventory'!I2:I92,">="&DATE(2024,4,1),'Filtered Inventory'!I2:I92,"<"&DATE(2024,5,1))
A10: 2024-05 | B10: =COUNTIFS('Filtered Inventory'!I2:I92,">="&DATE(2024,5,1),'Filtered Inventory'!I2:I92,"<"&DATE(2024,6,1)) | C10: =SUMIFS('Filtered Inventory'!D2:D92,'Filtered Inventory'!I2:I92,">="&DATE(2024,5,1),'Filtered Inventory'!I2:I92,"<"&DATE(2024,6,1))
A11: 2024-06 | B11: =COUNTIFS('Filtered Inventory'!I2:I92,">="&DATE(2024,6,1),'Filtered Inventory'!I2:I92,"<"&DATE(2024,7,1)) | C11: =SUMIFS('Filtered Inventory'!D2:D92,'Filtered Inventory'!I2:I92,">="&DATE(2024,6,1),'Filtered Inventory'!I2:I92,"<"&DATE(2024,7,1))
A12: 2024-07 | B12: =COUNTIFS('Filtered Inventory'!I2:I92,">="&DATE(2024,7,1),'Filtered Inventory'!I2:I92,"<"&DATE(2024,8,1)) | C12: =SUMIFS('Filtered Inventory'!D2:D92,'Filtered Inventory'!I2:I92,">="&DATE(2024,7,1),'Filtered Inventory'!I2:I92,"<"&DATE(2024,8,1))
A13: 2024-08 | B13: =COUNTIFS('Filtered Inventory'!I2:I92,">="&DATE(2024,8,1),'Filtered Inventory'!I2:I92,"<"&DATE(2024,9,1)) | C13: =SUMIFS('Filtered Inventory'!D2:D92,'Filtered Inventory'!I2:I92,">="&DATE(2024,8,1),'Filtered Inventory'!I2:I92,"<"&DATE(2024,9,1))
A14: 2024-09 | B14: =COUNTIFS('Filtered Inventory'!I2:I92,">="&DATE(2024,9,1),'Filtered Inventory'!I2:I92,"<"&DATE(2024,10,1)) | C14: =SUMIFS('Filtered Inventory'!D2:D92,'Filtered Inventory'!I2:I92,">="&DATE(2024,9,1),'Filtered Inventory'!I2:I92,"<"&DATE(2024,10,1))
A15: 2024-10 | B15: =COUNTIFS('Filtered Inventory'!I2:I92,">="&DATE(2024,10,1),'Filtered Inventory'!I2:I92,"<"&DATE(2024,11,1)) | C15: =SUMIFS('Filtered Inventory'!D2:D92,'Filtered Inventory'!I2:I92,">="&DATE(2024,10,1),'Filtered Inventory'!I2:I92,"<"&DATE(2024,11,1))
A16: 2024-11 | B16: =COUNTIFS('Filtered Inventory'!I2:I92,">="&DATE(2024,11,1),'Filtered Inventory'!I2:I92,"<"&DATE(2024,12,1)) | C16: =SUMIFS('Filtered Inventory'!D2:D92,'Filtered Inventory'!I2:I92,">="&DATE(2024,11,1),'Filtered Inventory'!I2:I92,"<"&DATE(2024,12,1))
A17: 2024-12 | B17: =COUNTIFS('Filtered Inventory'!I2:I92,">="&DATE(2024,12,1),'Filtered Inventory'!I2:I92,"<"&DATE(2025,1,1)) | C17: =SUMIFS('Filtered Inventory'!D2:D92,'Filtered Inventory'!I2:I92,">="&DATE(2024,12,1),'Filtered Inventory'!I2:I92,"<"&DATE(2025,1,1))
A18: TOTAL 2024 | B18: =SUM(B6:B17) | C18: =SUM(C6:C17)
A20: Cross-check (direct from data)
A21: Bag count | B21: =COUNTA('Filtered Inventory'!I2:I92)
A22: Total mass | C22: =SUM('Filtered Inventory'!D2:D92)
